dsa_score,resume_score,github_activity,project_count,mock_interview_score,communication_rating,coding_consistency,readiness_score,predicted_role
61.56354589595345,28.768402760054723,24.215694860892018,3.0,65.95243786822297,3.208661562325716,66.75365922625357,42.84644353618405,AI/ML Engineer
49.999661613679805,10.171796947607541,90.7750286050684,6.0,37.439272343501834,6.337077456963324,63.11613911803234,45.04232230304077,DevOps Engineer
61.86075304926359,68.20851718342618,18.668549766661137,6.0,34.381807462642044,6.595309735058365,71.47149810525958,46.222699278306905,AI/ML Engineer
31.411046276432806,46.145810702977315,19.201077149151967,6.0,33.99459822938202,8.958676911983197,41.86407185280922,42.38759432017739,AI/ML Engineer
90.25159779864478,52.31806312244298,67.37913901441316,3.0,27.444808924147875,8.463156737272085,41.968981761255506,63.98082956819698,Full Stack Developer
24.16794010866928,55.68904131592818,27.198720238535063,2.0,63.3004880043191,7.512462301705856,23.32930473065496,41.11275997412746,Full Stack Developer
75.8234295453383,57.48138039484726,78.256633453278,1.0,7.645302729256252,6.92121038051285,81.72890279814071,53.95010173905037,Full Stack Developer
36.838946817435975,20.064873163150313,52.66120751209247,7.0,37.017921085190665,6.995097338749354,35.776910072905196,36.43769268819912,DevOps Engineer
43.27478644229819,13.25455445422858,72.38020556926024,6.0,73.41924549035879,7.514568612596296,58.44726287410856,48.56527969596469,DevOps Engineer
72.0395657759638,68.69996018692423,19.94345372242454,3.0,17.73308100600984,7.932099696830001,73.31349192474318,53.949479902625754,AI/ML Engineer
84.73196668199094,42.159994967650725,23.85521400159643,1.0,53.14353279955185,8.551780924018406,66.58261701198299,50.20440486348226,AI/ML Engineer
19.64452683785951,1.2553228868683544,44.69573013013206,5.0,22.857016036778084,3.493304143367158,12.766178149816398,17.92194723534992,DevOps Engineer
59.7164235962852,47.28822964056965,63.688162529584645,5.0,18.392150554866447,3.2341605684489485,72.41507262284665,49.05167898395012,DevOps Engineer
53.789069824925996,15.431056812411438,6.125653787141739,3.0,20.765102212712307,8.694352903686262,38.489703183171414,28.445706807981235,AI/ML Engineer
24.901316313785006,25.977463755776974,66.66320025555883,5.0,33.656264232858625,7.046330687222337,66.63157905584164,40.102469909734495,DevOps Engineer
63.535454241843404,36.841485220460136,47.562592004870275,7.0,57.93160156807983,5.769886143061164,82.4376166868091,52.95911603135195,AI/ML Engineer
26.576237332913756,31.96898522295193,57.51325320950394,4.0,48.73351589249857,5.184371953865399,51.60932393537079,38.74176371063276,DevOps Engineer
51.54030943591819,77.1674537547168,29.804804048353787,4.0,46.144949995000204,2.582886653326246,35.655326038914495,42.863393709411305,Full Stack Developer
38.15336683103037,12.232840521632262,75.81256272674992,7.0,38.889126073356266,6.030348018617132,78.99105176226333,51.339593486811324,DevOps Engineer
43.81079245774021,51.46521823184364,10.323353764053198,5.0,31.709307629733875,3.4256883618747667,91.43795213608566,40.03988188031572,AI/ML Engineer
41.83952466696299,37.09991731274221,54.00662674634853,2.0,54.20584275162314,7.6830930846898395,49.0301722218318,42.67430002300908,AI/ML Engineer
69.30503377574219,18.522422193208318,76.87420584701078,4.0,34.277543005044755,9.526711385110776,25.270260895490498,52.148414215969915,Full Stack Developer
26.002611341832004,57.653776463374385,16.96197979239064,2.0,11.38555998671688,7.001623025074308,81.07700522377516,43.50013781352192,DevOps Engineer
57.63284013658531,44.455661934339446,5.645363932254393,6.0,13.84343556617171,6.382435334511992,23.823413967184162,37.24383216747439,Backend Developer
39.17953008916769,13.415253005292241,72.5195611219909,3.0,67.62491029836934,8.14669029460019,55.60295981885331,53.59320154818722,DevOps Engineer
42.893773821903494,53.075446376506186,51.41083082211774,6.0,22.20154751174941,4.441453944060216,99.14927935013293,39.04053771295468,DevOps Engineer
59.67851585411745,31.529307411212926,74.45144648213235,6.0,43.026694199249,8.672173978603535,50.081289500421576,48.76770416330235,DevOps Engineer
35.53947451598155,68.81916766628177,41.90072833940279,6.0,35.3180798535909,6.536136580454153,66.84582744058348,36.407948552839045,DevOps Engineer
41.70704254258506,53.62711972649311,76.62296572961944,4.0,32.45207762369321,7.668213309193231,20.899689983139755,58.10545717842606,Full Stack Developer
50.633434962954595,46.28071366240365,57.821672370864896,4.0,2.766021792088657,8.132224165331882,80.00318518397853,36.625756703625946,DevOps Engineer
26.510846152403634,36.076326830531336,74.67292163084926,4.0,13.419680321846329,7.171356541671928,95.50431611871386,41.87445692228313,DevOps Engineer
39.52464769915693,72.78260230823373,52.22446592156107,1.0,40.527404903621736,4.843807039831441,59.96580698830273,55.38075189068554,Full Stack Developer
56.25140647497485,34.56046206564232,38.188873623850625,4.0,66.29630906797735,5.952129307044517,52.610148794764164,52.08617384072931,AI/ML Engineer
11.593449875168234,5.84654396374684,28.319225278677585,4.0,60.36043713039228,7.985936177375245,39.790929919144226,31.226566619517204,DevOps Engineer
19.302400828250683,41.015427082320436,23.11887182968725,4.0,76.8057059644665,5.718384745337556,34.91963464932149,43.89735688873185,AI/ML Engineer
40.66672141999295,50.516033517478306,75.79347983862633,2.0,62.73149176090788,8.444355929494762,88.76833956767692,51.58946686177943,DevOps Engineer
56.05532279283414,27.68517665808022,38.51985342844901,1.0,47.530495655942275,5.508573164726949,36.57077400479082,42.8839603199715,AI/ML Engineer
90.68147633523634,28.21888317921284,49.24356280104983,5.0,6.347221505032312,3.3961487420429477,22.3108456105575,43.10121454003898,Full Stack Developer
39.845175637842104,39.244605315128844,22.73988460422701,7.0,58.53002776258671,6.727346399088004,44.76804760858419,41.80022100064912,AI/ML Engineer
16.98036608879889,6.772232236152513,33.84528813747024,5.0,49.031203203636,5.5674256834190015,79.62958050622468,31.0328583174575,DevOps Engineer
13.90899432166346,62.3416702473734,76.0548673165327,6.0,38.86147743117513,3.3600038217525747,48.055330790620985,47.82240713598739,Frontend Developer
39.71461270077383,40.6884310460038,24.287935018087516,3.0,57.81906085367322,8.251541456010619,66.01452629696173,51.26735511550494,AI/ML Engineer
84.80405433381658,81.38819286172645,45.87073472873939,2.0,21.405199855968174,6.481365986211948,28.055844824404407,55.119126220088305,Full Stack Developer
14.824897771351775,61.541830933305775,10.154297076788554,3.0,75.94233329019124,8.185412556078948,57.452671114292784,36.04366955565333,AI/ML Engineer
41.173746713706805,34.990726628116086,67.09184681645752,5.0,78.42298401630178,6.308233068098632,63.71926746569723,47.01510340247445,DevOps Engineer
53.93251704548254,22.04742866843151,20.741667711045704,6.0,52.011424033061495,6.5788824653948605,30.529124212179664,49.64989173266353,AI/ML Engineer
31.99619669052693,53.035244475742324,8.062744204421865,6.0,31.901710829102402,6.6878492087152965,3.4007804922581126,41.8625367929408,Frontend Developer
69.64589982602789,60.91852106430077,8.240478932490658,5.0,29.382781813072324,7.742431856796596,91.55347501918337,44.60236891816732,AI/ML Engineer
69.70727922674722,17.16100964696351,43.68516038447299,4.0,53.69307675018785,6.615525402923771,34.21310879419412,54.09698377808035,AI/ML Engineer
19.39234406739955,17.451539512899583,30.274308976726317,6.0,38.54118005540695,8.133009910238474,46.05485949347641,28.5381741962511,DevOps Engineer
58.96672795115494,70.23155326385955,28.50820272390356,4.0,25.280805925565502,8.334205904501633,20.332895990934556,51.53022094631741,Full Stack Developer
61.133678638329016,48.186022756629235,59.47460451386534,2.0,93.26015948844032,2.4295906847971307,63.440461579110206,50.87041357461165,AI/ML Engineer
42.22403661995449,41.20471190914305,55.105472350832805,4.0,28.768013267368488,6.213208373124271,77.08213755686839,54.25963964429702,DevOps Engineer
27.969737062888182,35.98633729596376,49.07824888379352,4.0,18.246815472708807,5.913492380059911,22.177685329948247,30.460133414605014,Full Stack Developer
76.84734496241028,64.69404337718127,35.268720029885884,3.0,34.61231241015311,4.929444516367821,52.5163602438695,46.43901252233127,AI/ML Engineer
21.028802331995188,26.598740311807262,62.83845587157272,2.0,76.86327079854983,4.836418263685721,62.97771938667395,38.23488953597573,DevOps Engineer
33.495006642058364,28.37667888819603,19.19630260193496,4.0,69.10372632006168,4.919530584100504,22.468755145469753,48.47144657079936,AI/ML Engineer
59.93590168693158,21.01367809905997,1.421054603940751,5.0,70.89021165573261,2.599685454131197,84.89350351108689,40.680533608442616,AI/ML Engineer
67.88077844681118,21.422614476984105,26.87222644857583,3.0,57.95671156590353,8.929829484466334,62.55911644555776,42.39576931407125,AI/ML Engineer
79.01257201512976,34.12070011141784,19.24192671650601,5.0,63.386453541921775,6.941144535199823,86.90335827949008,48.81594917757049,AI/ML Engineer
29.030466696113333,92.2553175207804,21.527037312473453,4.0,56.987296753834904,5.997328771609615,81.85787150845701,40.8376552950186,AI/ML Engineer
74.91170867631803,45.48794547027528,68.43505093802642,2.0,28.809922908336727,6.566659909971612,6.069528944760963,52.983060488447336,Full Stack Developer
50.443929586806256,52.84484967226899,22.462488182152324,4.0,36.7998457494693,5.570889053383694,22.629156374265857,34.51893488673655,Full Stack Developer
50.021356349150366,19.885379058713664,41.799706622737425,4.0,51.38517751587581,5.858591696054538,62.0407318339896,46.94906929820264,AI/ML Engineer
42.897744399136926,50.84621952744899,31.83811723354309,4.0,19.52798587668167,8.76261452621878,18.829271208082172,44.25310138152251,Full Stack Developer
75.659082492393,39.93416815960829,24.171469339065954,6.0,91.61314405599096,5.754032538753531,93.59460292110104,57.20296389826354,AI/ML Engineer
16.869930039329645,31.586141847550476,66.38210870627313,8.0,40.14932938065622,7.954180435501529,83.56439476083952,48.827432752327574,DevOps Engineer
17.019478824112326,63.68713948704391,74.50841158423637,0.0,12.499524983740947,7.111527182948759,40.51826697549063,43.80887560547515,Full Stack Developer
79.5088348483441,68.95639803604745,65.13767563849613,3.0,34.74901945612159,8.954710090666719,1.874536524274318,59.98448211566841,Full Stack Developer
61.061878759539866,30.107429719765488,32.208573801829665,4.0,55.301531540689034,6.210619778806868,32.78883798440158,40.42278729178192,AI/ML Engineer
84.12260487015499,49.81817788070678,6.484170670439697,2.0,38.50604380149556,4.996942236749364,61.77183293946241,48.89602286400991,AI/ML Engineer
69.59094476948927,69.45408107721838,59.655885230479555,1.0,23.092013547337842,6.183148836917258,60.148314273804516,55.42979268336886,Full Stack Developer
38.7484578731324,79.9542154986685,91.57506682194294,4.0,34.660979242468045,3.1231437730446787,9.548937089141015,52.67122975498468,Full Stack Developer
73.06097246821639,50.023649213802244,43.90624553772247,2.0,26.444182892295743,7.295249118845353,12.059946312380216,48.11594571457297,Full Stack Developer
65.18903868238309,61.93096739833292,44.36793932947055,5.0,52.62162077099374,3.2068462420623174,61.367918755228544,53.642900269899926,AI/ML Engineer
33.788657952808684,50.494844719894324,21.23220092775253,1.0,59.45573439275426,6.347937588013495,51.52172863576705,41.584096827076856,AI/ML Engineer
46.5042621839125,45.839503965479764,4.135614676205667,3.0,14.43459429761603,4.681521833351806,72.5146964363619,40.19721016235621,AI/ML Engineer
28.276478856602488,28.789403702868693,56.0048614631134,4.0,49.53899026072476,7.609284761542571,40.92557704898445,33.94364031040134,DevOps Engineer
81.28423227225723,49.831427882541576,82.39433333612438,4.0,75.8526826789752,6.018882080751755,34.102598829830605,58.74046571788086,Full Stack Developer
91.96572407481756,34.531313341480065,23.625847989104646,5.0,17.165244768035524,4.195050844154034,86.50408002885136,47.412262447419835,AI/ML Engineer
91.20340010608811,55.21499758690693,64.09447210405015,2.0,68.1278507227495,4.044812874338268,13.651604748183274,55.60464929518422,Full Stack Developer
22.88307941416894,23.02483907987995,28.371300251881866,4.0,68.1007722892696,4.3119020489532005,58.0954106813927,35.06758445360129,AI/ML Engineer
59.096615578901066,49.27294683565665,39.361867944130445,5.0,62.36099037082562,4.362029960499395,16.151926608253987,41.99102403712303,Full Stack Developer
89.88904257521784,25.02081176884673,2.6595649025065757,4.0,29.000852411669243,2.730617657613327,35.80877625594617,33.96964088239761,AI/ML Engineer
36.72148613835674,23.224175968752522,44.53360090967053,6.0,40.17045762596261,9.31661273418811,43.99009984368759,51.34941319327278,DevOps Engineer
67.6114045089711,74.97327906459815,45.50634176308637,4.0,29.517102742010355,8.499298308499396,59.7405715492872,55.49068741223091,Full Stack Developer
25.157476119893747,52.54618087087235,51.52639799101089,3.0,59.12274496992135,6.396044529248188,49.20106843732244,37.89586627944128,DevOps Engineer
59.809320517610786,18.616577686855656,15.355978893581065,2.0,30.129824859548766,4.178385807931124,70.7036263676903,33.63796974215858,AI/ML Engineer
43.68693394991964,47.69782830309078,57.29788642356524,3.0,66.47087843644769,6.724436326988055,14.030053358272983,53.13465769229849,Full Stack Developer
47.35830805113472,52.355063687129956,89.32028703431548,2.0,54.554141872620946,6.7668811930688,52.972831446763145,60.33492936194967,Full Stack Developer
63.58166115237126,48.75675831005758,57.824906184553136,3.0,48.517281914122634,7.2120451002474395,81.27103514646994,47.06833397858849,AI/ML Engineer
50.190305775824264,63.538319526302345,22.88793414802876,3.0,50.664364538573636,5.059012616758509,18.48216334604786,39.935989471160724,Full Stack Developer
70.16617502696599,43.04825942505108,33.07109414895589,3.0,15.705579670778727,2.712635696436201,32.0111675210518,40.39442495946261,Full Stack Developer
58.508481084251095,25.77135304767032,17.896657365431864,3.0,26.990798685129857,4.11956864702771,5.1733536832763525,32.22287467493358,AI/ML Engineer
11.838558165974232,21.28691817811546,27.09065724061441,3.0,11.034067838423372,6.571597131221872,67.19971552035742,16.36728365747421,DevOps Engineer
55.64771112158046,43.970505542108526,70.8705764533387,5.0,41.69595073909261,7.307942158926727,64.58132472848679,45.438066348292985,DevOps Engineer
68.59186131076726,56.041705165791015,73.18134353649594,2.0,70.65234222152215,7.096839868994659,31.981939691948508,54.28927997610096,Full Stack Developer
68.77918909197814,32.173355133434974,69.79666086571,3.0,26.198925130082827,7.896482767863927,42.74810926365729,40.70825569892694,Full Stack Developer
68.47805481337312,28.461213020820995,31.826511891707003,4.0,32.62097610454525,7.73378554898518,57.96304975581235,42.818461971816326,AI/ML Engineer
64.67663237115082,24.131488147324866,22.596660524960104,3.0,16.760143151460277,6.514152922444349,18.134905589218423,41.79235798786557,AI/ML Engineer
36.27150062370201,30.148713299356793,39.89239796574032,6.0,16.126958348615023,7.531746857967309,36.81238229611369,32.54367106345123,DevOps Engineer
48.75430615926483,38.06389948871883,50.03803655617192,4.0,44.29765025232817,3.2441678293393594,34.30365076400547,46.322337878473505,Full Stack Developer
39.04354900625388,33.06250272462386,21.668525703780634,4.0,16.26573571621301,8.203821786288573,14.969006463286231,33.16428203931375,Full Stack Developer
67.40645774527691,14.725514718659738,55.10820031940563,3.0,46.361692536423824,7.351952613890078,61.048768369215026,46.00468180655196,AI/ML Engineer
55.4282819490992,68.83162063674956,79.24976969098842,4.0,27.921715498008336,5.871270377305259,68.30729884516306,46.65705502570947,Full Stack Developer
72.33095774137625,70.71408144745452,4.388771062481527,5.0,76.40145570566543,2.4286068685286417,51.166652567332505,57.68011432478746,AI/ML Engineer
40.57618488842507,28.275013877768863,12.858477859016107,2.0,44.5819908980176,4.344834079262566,39.21701181492948,32.3029407853466,AI/ML Engineer
53.96682090640951,43.806812324718955,81.71992307964928,4.0,44.756047630708984,5.397059895656165,69.1380419683654,44.078961963799415,DevOps Engineer
41.48474145428494,19.952849807828002,28.457019116988373,3.0,33.904263340235616,4.483839025371157,34.64076927243806,33.341098336854074,AI/ML Engineer
87.96031530051215,28.328057773883664,76.03037105894843,2.0,10.606488028919246,5.267563146419169,18.585555418825074,44.90888321651951,Full Stack Developer
88.56111130092305,2.6182560494193896,66.87690218048311,6.0,38.49365633469899,4.427076820084511,81.67900551225048,50.28714757341626,AI/ML Engineer
12.486827529617976,29.642395699523068,57.543702518504034,5.0,41.00049498137095,6.442483548225839,47.291042768498215,36.339522102289585,DevOps Engineer
28.264178401236933,49.81375944165667,18.165332039366184,5.0,55.53943309826532,8.765985279198564,68.77196835837103,48.86777337661264,AI/ML Engineer
24.039951481547504,33.177146944915975,6.137559434560951,4.0,88.17977468189417,4.00668164823149,71.63931919423452,30.745271661023104,AI/ML Engineer
8.224546022030065,36.143632686222176,13.658410920456488,5.0,44.965211428641496,4.509393056220557,26.400247360133,29.267222569618458,Frontend Developer
76.58312655792821,61.19646665784989,61.01384438791334,5.0,53.84345028898804,1.9715917652926598,37.442044714979,61.598850379204265,Full Stack Developer
72.89723509470696,42.76172766147883,29.219898004768403,1.0,43.42880343142952,3.6216300756454913,86.58261596644203,58.72715425270827,AI/ML Engineer
69.59177672865312,23.148619719140033,53.978130734479755,5.0,57.37927574904399,5.534861921283917,16.916247079307002,52.859753134130436,AI/ML Engineer
60.031247646801276,55.514984659853205,11.58979611303385,2.0,53.732666303307916,7.724996341172039,30.28003347951364,47.95520852712962,AI/ML Engineer
58.79785392179561,30.8728650765448,57.52879184754532,5.0,55.030212487155495,7.920848226465511,4.173142936939566,49.76250161326149,Full Stack Developer
86.84385622274672,77.83001881476903,9.967283256618975,0.0,87.61073950603196,4.965009261805336,49.76134208421195,67.127255946603,AI/ML Engineer
46.12774920762419,34.88387460749296,54.33767442030722,3.0,39.608413948907526,3.2903562670900492,81.30381346735926,40.02398745711822,DevOps Engineer
23.297375373255402,17.04840088526526,66.54633559338137,3.0,29.848056891372813,6.15840134738751,61.66682460315913,38.41443820138201,DevOps Engineer
65.90331100261344,28.13748584716186,75.14919920278948,8.0,36.35992650053147,7.417988866251054,21.341436388264118,62.28526776444646,Full Stack Developer
54.562656239395466,37.7243358041922,9.233879075124946,5.0,41.060157965137506,6.024818817761146,52.21909800936577,39.31853812666961,AI/ML Engineer
16.80251170769776,67.4834718362938,78.92747263151044,3.0,19.931243293724023,7.496110303626899,53.161520322586966,34.11055491785743,DevOps Engineer
36.745914023635095,29.62121859482193,40.913883819526866,3.0,38.73738331281959,4.253090904914135,41.99481411132839,30.60717697618073,AI/ML Engineer
60.26905822805648,15.083850756396064,21.411785736139823,3.0,61.44379947345014,5.928264948341039,31.082985302451306,40.962013749411064,AI/ML Engineer
90.43183987127566,18.674512357644854,43.33656128588401,4.0,58.50788991322763,3.8190477572841726,39.69769451812188,45.238710412320515,AI/ML Engineer
41.552841395226054,11.164770249524231,34.54518621399296,2.0,43.000486204925394,5.079896877221477,44.87936189860371,30.840810349802233,AI/ML Engineer
31.325535682236666,47.86551524321161,50.32415858855174,3.0,47.60127604284133,3.634498669872416,33.94230132244729,37.44968667295287,Full Stack Developer
75.08246581381913,31.622303257425045,31.430359230581022,5.0,73.85883408612077,8.528302794403704,75.48748693838778,58.4958797600355,AI/ML Engineer
35.363331884989286,53.044128193459414,51.40403070198556,4.0,12.618086661693706,7.7387115877689805,67.41528649703956,37.43262287453304,DevOps Engineer
10.303112421893607,58.829529410214754,67.98258997082681,5.0,34.41659098231728,7.081326246868979,25.33182117022755,37.6306549591025,Frontend Developer
65.13526894251844,33.12992532753768,46.835214986333305,3.0,34.469131015566774,8.334764757300693,68.25509600892308,55.388209707673475,AI/ML Engineer
56.20846841796776,64.10940656726113,57.29882541581603,5.0,28.335477579501266,2.3801487111776085,39.74261241064583,44.176612742914614,Full Stack Developer
56.603574673161695,7.708936986321943,19.066773237748833,10.0,45.61615966796893,3.433635112006226,67.29274401732351,40.82232096085663,Backend Developer
73.22389655382125,49.9684215983692,44.74737743474406,3.0,10.78268060677854,6.56996065880604,28.893192498414518,46.21347795081188,Full Stack Developer
62.02196443754266,62.54289321144162,78.18313963258232,3.0,50.11375243861015,5.156683226945278,81.16281207742657,57.857838647927146,Full Stack Developer
58.2404770536907,35.059831175346936,55.11603829952412,4.0,21.87411346197664,6.060689351290173,47.80860221952019,47.26243555716842,Full Stack Developer
45.06272115503183,27.603560403854715,33.87192672791883,0.0,51.96285220309124,5.3380641166061515,41.0999355205477,27.742358777021842,AI/ML Engineer
30.471323551902035,71.97236236871265,9.723649339156236,5.0,30.699599938064104,9.236976057091669,56.24264003344764,44.84162085148757,Frontend Developer
11.232651954507485,20.58616832100214,56.86215578767503,5.0,79.69187444078544,6.914571897864763,71.32385216148705,43.15307737348962,DevOps Engineer
63.5512264275899,41.09244615573862,3.317621405308434,3.0,66.68876932142311,7.559974461415137,58.57791157898479,50.83834250517415,AI/ML Engineer
54.50295275340902,24.292800980860786,94.12931645956493,2.0,43.67267213706849,2.3049990094276813,81.83109291305767,44.67379663355486,DevOps Engineer
31.12182967384508,26.901842036032285,11.250065085588902,3.0,41.95088405119867,7.063577705252352,25.505151721565177,30.982431641695094,AI/ML Engineer
14.789411849290646,17.62554854648319,8.455411782590767,6.0,74.68012247618002,6.06186710035526,91.65340039913073,21.07467688712874,AI/ML Engineer
46.294360399090664,74.00861477108937,66.7158680541722,4.0,69.59980392604895,6.941758626161522,18.470772654570972,53.33875462509644,Full Stack Developer
68.17548534611329,21.83230168513654,55.70547003720277,3.0,79.08924213505114,5.525762558183082,32.21443640440411,51.14394938019217,AI/ML Engineer
64.79351779442013,25.73648622801589,43.64181791933612,3.0,81.65233791025443,3.701133676325789,10.56300719205052,53.22239147184583,AI/ML Engineer
26.535956482397932,51.442535818987835,74.29615676895109,1.0,28.119713534188595,3.766065693172313,79.32734511028512,49.74620434486245,DevOps Engineer
38.794154908730086,38.424021337855734,20.595586461205887,5.0,56.89596000729979,4.829763425690629,36.61302287733114,36.45525004008922,AI/ML Engineer
27.38385689916113,27.298541602525443,75.33904149447675,3.0,48.589130136961096,4.391680696174131,87.01606402811653,45.507540151907385,DevOps Engineer
15.810622536992103,25.951467993498333,11.925571712500021,5.0,84.23627740031947,7.040074806501427,85.15068203738777,36.62880201755735,AI/ML Engineer
89.46341455943862,40.673316267128946,11.996847848465238,2.0,69.99896662952256,8.601742533140495,66.78545346794327,47.6611112271882,AI/ML Engineer
35.67829610977888,25.954807249356058,47.91786836514728,6.0,33.41920611595675,7.505841861536665,29.226491107068743,41.30353946523625,DevOps Engineer
76.43680830359548,53.999818053349436,41.340206126599014,5.0,76.62002473304547,6.559620390519859,25.823921988326237,67.11044303728885,AI/ML Engineer
36.247626043836085,51.967653732027394,41.21373520628821,3.0,14.715361367263618,4.495882686732533,29.33440670112933,33.40021966415089,Full Stack Developer
64.06589719997156,44.238328391433036,62.446490943146216,7.0,40.35921705671907,5.167138692744771,37.20215948055551,46.27595832732344,Full Stack Developer
68.63606176985684,44.48634692497408,44.30503193188623,3.0,54.02813041687384,6.619017251871739,73.41869247802279,52.93305531363523,AI/ML Engineer
54.72116722221894,30.68777012023636,47.437348940420115,2.0,79.94181526055173,5.446369958998256,95.12101337569752,49.51318327097621,AI/ML Engineer
64.29154408272633,37.34089348452758,80.75296707598639,2.0,33.38832363934803,4.485516023308318,15.6107845802818,59.978522927102226,Full Stack Developer
65.38891726687902,31.190690873622934,89.90254184260569,6.0,59.947353445359575,5.153472532798671,17.656631491785227,59.12846649560642,Full Stack Developer
70.52526947549964,72.07803147499177,66.04077227231815,4.0,28.958267801199916,5.916782171326177,91.5190678042838,59.43646572486245,Full Stack Developer
20.805415210551434,18.246496853113996,35.744040861112666,5.0,85.81541762594487,6.992446118667922,67.43900188395632,25.47231949034075,AI/ML Engineer
25.639851701392676,32.871885016653565,35.506972414095536,6.0,69.4214992663703,5.294092993482396,81.3293710434783,40.36767977385846,DevOps Engineer
95.77272844558973,34.59728801150111,89.02630306276932,6.0,20.168223304434328,4.1122486797657185,54.681581699895645,66.34927958210857,Full Stack Developer
9.806207514682352,40.65410751138739,69.81718430968228,1.0,34.27977417952355,8.512324340912176,17.01951437636133,36.46045476611799,Full Stack Developer
28.288481519717614,68.26764308159655,10.914933224123804,5.0,49.726127438376935,5.715936837095031,50.86977224616164,44.690480846191356,AI/ML Engineer
59.01136022735201,32.16135493109803,63.364045539474475,6.0,47.502065577473246,2.495581044554012,4.785976845677457,45.50970424723425,Full Stack Developer
61.059288663968935,38.67685391289501,37.17746952658246,5.0,48.03842209693472,7.081501178208336,43.7418885390079,45.11786200103806,AI/ML Engineer
75.68838923694094,53.816448563474886,56.906048814088706,5.0,19.9651692613471,4.332405258070626,92.94344802147448,61.152226011843,AI/ML Engineer
65.86410670822217,53.21204594398608,16.846673533389083,4.0,87.18979008416635,8.39792942210455,54.15221879437675,56.7639753681727,AI/ML Engineer
79.43592589134931,50.75078645556768,56.79561811945921,5.0,72.5079355086163,7.671936755129868,62.73104825238664,59.17880958365802,AI/ML Engineer
29.294368878321446,24.953373019535515,36.527826734012635,1.0,69.95166218310787,8.500432887666186,43.354288914392555,39.561962715888974,AI/ML Engineer
5.602322509006499,16.724553449170593,60.68362249265026,4.0,78.8566776811105,8.579659163282159,16.761677549377325,44.23201271385974,DevOps Engineer
77.54578524948671,29.064816320840446,26.72639914854394,9.0,29.86026728849671,6.368009522006809,89.75225453728453,41.645773673046,AI/ML Engineer
39.37166240056752,53.81176158163985,35.63895399503934,7.0,33.11461347160463,2.5015039421897187,77.3489643673011,42.138586480263655,DevOps Engineer
26.318741925112715,42.67330169470286,33.83603841590244,3.0,39.09628926471347,4.64797320471938,55.627956225266516,35.35173979655777,DevOps Engineer
81.12776964552049,40.32148610677523,59.072176338424065,6.0,35.79291276124876,7.842079137586633,36.58604708052886,47.54684087342697,Full Stack Developer
31.29990102877625,30.17049750578224,10.971513904059428,2.0,22.016372922711096,6.262286895235654,31.699041935836625,31.488335729169865,AI/ML Engineer
33.10097468653145,77.06015054175683,39.025842005903954,5.0,56.448822162402394,6.941717194926627,56.5192475429111,51.55841155317835,Frontend Developer
55.61088701516702,73.21642905284486,10.527554998095184,4.0,63.99480678718672,5.742701176402597,97.28712411386682,56.72405943115048,AI/ML Engineer
68.20909633163097,36.6280034850281,72.74609039653514,5.0,26.371308473664723,7.1721114877905165,49.040965340829615,57.060035565892704,Full Stack Developer
50.148748244683475,14.047718237647446,9.199461710801856,2.0,39.372369800152974,3.459089551800105,21.86687878959593,27.907138722810267,AI/ML Engineer
77.99668155571725,90.39698730566488,61.65863520004571,3.0,68.82355682125115,8.95912498942441,93.75004342668699,69.51950520488735,AI/ML Engineer
22.913492572519903,92.62800473728086,38.23929420052329,5.0,36.91680550510628,4.473916996025832,18.146491448653176,36.285983383664906,Frontend Developer
72.7471363781641,68.84241514606262,61.873986829405425,2.0,53.30686413003587,7.9450320874856475,46.33510576150449,57.272489826796125,Full Stack Developer
81.50163141952666,31.82187888483773,32.033970424964345,6.0,36.119837337442576,8.732452402048985,40.38461715227149,50.76927743218521,AI/ML Engineer
56.552086303760355,38.95766882924817,52.58454331597795,4.0,15.608626439013584,7.29447321111169,23.457240473310755,37.80798195890757,Full Stack Developer
60.54145323009311,57.78163004898437,38.8404049438911,2.0,46.621781816892145,5.492770339480158,42.8573203886818,51.06391334985897,AI/ML Engineer
23.35077451998958,34.48714276912374,70.98066656361594,2.0,20.56307136074031,6.7086394395003515,34.88832161332897,31.402609277646185,DevOps Engineer
95.8362931743474,46.06893846894946,24.21150418971029,5.0,58.31831292035401,8.765602362174711,57.95519678400692,50.90159906655617,AI/ML Engineer
33.57312391421304,17.30274999121873,38.75155806268067,2.0,30.54188250238581,7.1708505912508045,32.066612737717506,29.132351626162812,AI/ML Engineer
44.953479147874056,61.771294459512035,53.16819869585362,2.0,42.5732392339923,8.7060314770704,42.265081730228644,50.69427000977012,Full Stack Developer
82.44085111606083,54.861507582860014,39.77678467720437,4.0,30.43069524163064,8.062943847630827,82.68232863535066,50.01347037728942,AI/ML Engineer
31.141040423092175,35.45516859175328,42.95573309075106,5.0,69.68013904492923,4.269776276166867,38.42484401791839,36.021382402485756,AI/ML Engineer
52.82649010012375,14.599395112407654,4.954464608095865,3.0,55.64494319777344,2.2515184211544605,54.94101752766854,28.564118179359504,AI/ML Engineer
25.368251580745838,27.549216346602208,60.005721887896094,4.0,83.85900342145948,6.510745312994396,61.790051032324136,42.53747207855534,DevOps Engineer
66.31491741744263,18.160977591655964,54.253330459088076,4.0,59.68497133549244,6.444699767484776,22.39267096285103,48.3554145211149,AI/ML Engineer
80.42322670898882,56.80474971836779,27.047192549205846,5.0,56.70177449176806,7.389911227916295,34.68235122332026,58.842624871196406,AI/ML Engineer
23.975445474699555,36.252408306248505,28.945312944902668,3.0,43.81363020960981,4.6995423995563765,32.13229042967546,29.592186152095774,AI/ML Engineer
12.150962053599127,58.90577209959535,13.314470122459834,3.0,35.84244131515868,2.3869029525864023,75.20351724169365,24.64481830381532,DevOps Engineer
3.2187173892523235,10.046768857924695,54.95689047389041,6.0,91.52157496401384,6.924455561627863,68.13012136563526,38.800443122279376,DevOps Engineer
32.10048614300583,58.26942641459089,4.973800817153491,5.0,47.068508329208534,6.444214704341649,58.89692173207064,41.9630369793079,AI/ML Engineer
49.324533183431484,45.75422068430227,65.21368522036866,8.0,69.16221913626876,6.528570278585972,71.75624977197701,63.8236152931027,DevOps Engineer
87.83893489921975,51.373100344823364,20.677754930965516,2.0,59.49082331752506,4.05852309644101,59.74657461448093,58.03634856193749,AI/ML Engineer
56.844864581809965,21.49040589326177,46.394978146474216,6.0,22.940975472564418,8.932395404605115,72.42532131982625,38.169112895806435,AI/ML Engineer
55.546270711826516,37.17105662430079,66.97952972256772,6.0,52.66526027183962,6.630889766748561,36.45890734487185,50.01637358466314,Full Stack Developer
73.52673421006286,35.253457722070216,24.64519088018525,6.0,50.634766032515344,6.197032561636338,63.840147253090926,51.39421687045335,AI/ML Engineer
58.94123577892502,57.30280061304983,32.47661722250829,4.0,26.40478740565137,3.308899741430359,87.74406648124206,40.47322070405367,AI/ML Engineer
38.07588094711804,15.248015424545075,67.89939253840916,4.0,57.77827084273965,5.708154716127526,30.1249416069632,38.8811050490916,DevOps Engineer
32.482310783665405,17.443848281689338,74.39997471138754,4.0,91.22011851996386,8.568801882403216,26.617554033098145,51.72183723687623,DevOps Engineer
73.08323035637832,16.62834152897052,54.76411231842874,1.0,13.759401176381555,8.486507734707809,24.515424969477586,43.33713891525904,Full Stack Developer
69.81166918027266,14.74200010789531,65.11066858777541,2.0,47.08958944863109,4.106284528583958,21.927461583801026,43.442655744124885,AI/ML Engineer
16.89873111998009,15.827275642188981,77.92278607949679,5.0,77.14245459874918,7.872318376811532,73.49014478773998,41.429003548126325,DevOps Engineer
55.47326761648753,37.364519008840155,43.73184725839932,5.0,41.40572920917806,9.554823167142484,29.00576311211342,40.38895188572046,Full Stack Developer
35.99059592532586,43.5867711887489,14.634949541418063,5.0,47.01811251663272,5.294316447590824,54.4382841664416,35.91701781132392,AI/ML Engineer
79.9091531585191,14.933849813505374,81.79053275085721,3.0,26.869903265048055,7.416492570697411,66.92683460937894,51.06982457783755,AI/ML Engineer
23.924666054215223,37.70720616385311,23.206041798303882,4.0,65.7899695479554,7.230972498954729,66.23678148927453,32.072683046587564,AI/ML Engineer
72.59689569295273,44.33619830586587,20.840979108121807,8.0,58.0434069778313,3.8735342535299218,45.12612087705972,49.21881635038002,AI/ML Engineer
88.14711238678274,58.587388964433195,57.854119300135906,7.0,55.8681864355166,8.26601469217241,21.35738254341538,65.60670627740858,Full Stack Developer
37.6567937412407,7.595947007696205,23.452667991500782,1.0,12.583123259249717,5.960593079775967,70.10609725955332,22.844695702460697,AI/ML Engineer
46.051823165703155,45.00098655800218,8.465814475713138,5.0,35.28207777439613,6.43221328543559,65.71000593774465,41.31027486010325,AI/ML Engineer
56.190349401248106,44.697513358452426,28.25953375258587,5.0,43.70817806889518,7.023559619955,20.282578494402575,45.698464793135145,Full Stack Developer
53.96354723352358,38.68145065802563,15.099794907150658,2.0,60.547613484017326,8.096796604634852,44.32096009902962,42.36447406432618,AI/ML Engineer
15.401274461742243,23.85788851540937,57.92774842777077,6.0,94.2577017562512,5.3026478938279675,20.361158421969407,38.69056524293728,DevOps Engineer
37.35403634267262,15.547669790972169,50.56539196176997,3.0,11.716028443910416,3.3495515184270763,25.262681648326872,26.241959881541028,Full Stack Developer
74.64548412010863,11.623413683660399,79.41879699801892,4.0,25.74465027027946,8.485049548017313,77.8296252182827,46.856100364855095,DevOps Engineer
47.31765594349985,54.74453506414655,54.27242237534624,1.0,70.31605409217573,6.71982862514369,30.948125781349155,51.957042398835526,Full Stack Developer
83.62306086946255,13.043461904563348,51.35601232550325,8.0,26.28346560019385,6.586372526272615,86.52976273829424,45.84687991658968,AI/ML Engineer
69.07887837808583,15.064138125972187,86.80742090021793,2.0,11.596262240009397,4.607416677613393,17.428547348990932,37.61653946527593,Full Stack Developer
39.645013317129596,41.90357795476469,36.922933247643805,2.0,81.69538632917292,7.575420331014683,57.27443738783764,50.01018669486998,AI/ML Engineer
33.93889812169841,5.143336667054589,9.951772732780757,5.0,81.42918931401083,2.2879262600179797,38.21494997665566,28.708855531718726,AI/ML Engineer
20.40574079620295,50.479044408315765,55.75886610015694,3.0,92.567582119619,7.865106640364433,53.678898345009266,49.80374681128797,DevOps Engineer
21.039733866516936,27.618198675780793,37.35388705345157,4.0,53.38789741846905,7.297125889428992,82.0534215164626,29.23656354210862,DevOps Engineer
47.05579250260505,54.40028343148142,48.77927994439154,6.0,56.83458252991773,6.668494166462332,14.886816761736519,46.28240174166114,Full Stack Developer
44.090384903246296,23.99954453675584,24.096736086733436,3.0,35.558840473136364,4.966594231385606,72.67558639959347,43.27506582434268,AI/ML Engineer
44.93899834244515,34.02918587290084,24.116318994090125,8.0,79.50367880642669,7.795941254168172,19.000973646035472,37.425535266004346,AI/ML Engineer
70.05433498564726,46.17077405761915,39.548975191869005,5.0,64.76827507974343,8.621439567459705,44.66462011361468,64.49813996560887,AI/ML Engineer
53.898235605504375,68.73288163952867,11.503675217166002,1.0,42.822086770287946,8.283613199737893,62.986444891933544,48.609003865651616,AI/ML Engineer
71.0711227482339,26.352619704245996,28.08355533982,4.0,45.49943775803684,5.98676089477698,39.63713127674237,41.379435884918394,AI/ML Engineer
52.424507910802184,22.91585622594104,38.13668343422737,1.0,38.58274487010028,6.848787187477951,4.156097615549428,35.73169985231065,Full Stack Developer
46.651344850520346,16.509181071496315,61.92218517108127,4.0,62.93846485261585,8.901034032631177,92.96938676126936,55.39584055754916,DevOps Engineer
49.58048760758314,37.38865045503749,12.781712819289377,3.0,31.578146422638596,3.307873452963019,49.25897999189432,22.41017947803,AI/ML Engineer
36.48477004493474,57.10363544362404,28.503324248410188,3.0,73.77930975662171,5.454048646427683,87.30434567543833,54.28072477210007,AI/ML Engineer
84.01848302973886,52.27287619809591,62.626990519339664,4.0,39.81178957063046,6.290279923653598,61.21186298863379,59.50410598263484,AI/ML Engineer
37.05009870594558,55.61723902424372,25.988648692664473,4.0,80.3834513101952,6.159414143164263,4.973392242479934,49.811086486627694,Full Stack Developer
59.598908999766344,59.401017593227365,78.65206636959799,2.0,18.408214086713894,3.6933069186324605,69.30491943621963,40.75591156411224,Full Stack Developer
33.92369565693835,25.42066474172408,71.98187734659423,4.0,52.11084853793149,9.07640623037709,14.596144274217151,42.8478487659442,Full Stack Developer
82.81508335328468,2.3436818418176206,4.832296137596141,3.0,14.13333988309924,8.204139561303297,78.9337366058432,26.026421157512647,AI/ML Engineer
20.779684640304964,25.953014820356813,30.75188588211541,3.0,46.589201024133665,8.63259519500478,9.68105987064279,38.59125150047884,Full Stack Developer
28.317167888987754,56.21849843320573,6.919751623647655,6.0,51.50197115391714,4.326879046740521,56.41724770429008,32.32044757876278,AI/ML Engineer
67.78375360386983,18.58731486230642,51.1379106517363,5.0,44.01553634587357,7.602678847975709,70.49554125266472,43.57685316735525,AI/ML Engineer
54.45793186295788,55.58740455252238,17.564750521930552,5.0,22.132278939735752,3.120368170074946,41.98323799525146,28.733901193673553,AI/ML Engineer
36.67235374511498,36.448742063193656,55.213815486133896,3.0,8.91533026544417,4.033413997712877,6.214443040023633,34.14319209162678,Full Stack Developer
64.4948881258528,39.394817426265604,34.44776028864904,3.0,11.644233325804308,8.746448470406275,70.57480516498337,45.05112541671781,AI/ML Engineer
45.97765757295142,55.6514541106707,47.70248737085027,5.0,25.723429970033333,4.691556872673035,27.60856529498646,38.47122650814257,Full Stack Developer
38.56170770428358,28.007902901637234,66.4070319400373,1.0,91.13642621209121,2.0681642534032174,42.770613469206594,44.89573732144531,AI/ML Engineer
39.49175523316361,69.72595656955423,21.324364353496268,3.0,23.409210008902843,5.120983546138861,71.58931707072227,36.82895441010425,AI/ML Engineer
75.84243502968772,40.49549274949466,7.990448577130958,3.0,58.35950240237649,5.703449217759409,33.119992763185195,37.07520830802882,AI/ML Engineer
64.28209182809253,75.39672144489529,23.02034086900199,7.0,41.86831095758441,6.629814048790582,91.51633823958633,53.769805925171234,AI/ML Engineer
62.447499707774234,40.32965770972534,37.74395956057471,3.0,53.99003427865788,8.371959441696697,56.840677458083,58.37549091769426,AI/ML Engineer
51.13546597071191,26.230905399969124,18.01921313510775,6.0,55.01028000550552,3.268074184315145,75.4503616924406,43.88339563522353,AI/ML Engineer
46.739113392090715,57.601827197947806,9.434340722298888,3.0,46.04504063565455,6.624521854663923,71.8304972035363,45.5199549484547,AI/ML Engineer
32.30874237374778,41.6148922062613,29.93032957849005,6.0,16.392854097871936,8.693342577194182,22.88474956585778,37.406345089688394,Frontend Developer
79.46606723717613,12.651842833319057,80.38372761248114,7.0,30.156568079509434,5.714470899618317,19.664059093623145,47.35894912962926,Full Stack Developer
19.43207790366641,72.2296624855146,9.966922533320545,5.0,41.11944238164785,7.635679158267429,17.713498633253746,41.66814439219982,Frontend Developer
14.021832171692456,45.15945932586173,4.625177260859243,3.0,35.72500954378056,2.0838221781278996,38.88625172896233,26.944631638446868,AI/ML Engineer
63.260195675558016,69.86034342534492,13.875672607685004,1.0,25.967344553313037,4.84621344702105,65.96093398947458,43.99226239426499,AI/ML Engineer
40.19170321735789,42.47816496807773,2.8907421948190706,3.0,35.65179904415308,3.420010732361761,24.009233100709746,31.44081459608188,AI/ML Engineer
80.7198655578914,20.87470201194171,77.06792611095004,1.0,30.22553182566108,8.03502980256238,53.08401983692876,43.608854092484,AI/ML Engineer
66.73297066588611,45.037848091985325,10.652006472491681,5.0,50.01374163293738,8.25345786335414,23.46944253051064,44.3161182540521,AI/ML Engineer
46.85006227618917,48.08362843346183,15.791013062330952,1.0,36.79258130127177,6.334852642320714,72.70487358877895,33.721343819698404,AI/ML Engineer
67.6261579090838,24.061048490492386,9.853698772278165,9.0,12.082596807009025,1.8219419266503165,57.89185993856844,28.1648329765221,Backend Developer
74.65211343836316,29.07699368305513,45.82359504460009,8.0,34.761262828241726,8.27853575035699,53.77401266883724,53.884759395266755,AI/ML Engineer
74.03798791097563,36.19506737385711,43.61018717347462,5.0,21.768911788685223,8.871197774275634,42.21871265563198,42.7144619609502,AI/ML Engineer
44.69499877441838,70.14364646400446,41.27701035546105,3.0,25.398346902181242,7.871424625668632,50.83325903311201,50.95731540372689,Full Stack Developer
16.31447341198023,7.608434294500397,38.41362368120688,6.0,43.7261583863237,6.645432473161552,12.534484361856233,33.35343145736293,DevOps Engineer
2.9214886539795546,33.95058982890663,16.12693837235652,3.0,54.53770817287268,9.751169530676389,43.39308797070125,31.232489350940813,DevOps Engineer
76.39424811726677,63.67185808798275,69.37039603634787,4.0,45.0750562983549,9.38201439019592,36.30966041978768,59.169668227961466,Full Stack Developer
49.1402155476018,13.552051157589592,12.732264311785126,2.0,10.111726407869277,8.137422635207571,1.1568437068888437,32.772443241814145,AI/ML Engineer
29.113331633176237,94.54334225961794,90.03556021671362,2.0,38.08729553438812,7.171399566358318,20.824736865594232,57.37991255838895,Full Stack Developer
55.44332209117573,58.62534528789215,66.69772376248322,3.0,75.80236339402504,6.34444645098609,72.07698084477626,64.3851063066276,AI/ML Engineer
57.85055067536863,16.022744314012805,45.56725714154389,4.0,11.569042196531482,9.069195248772422,66.84806201245765,35.24168521577586,AI/ML Engineer
56.28218809181153,39.521366157838045,52.6641401505045,5.0,51.76258882809242,3.2085421247310277,53.785862335221864,44.73492175573007,AI/ML Engineer
37.479497406424926,23.281713511793576,44.122878386833214,6.0,30.844919035676178,5.642362388464617,94.25660558716385,37.533754906729406,DevOps Engineer
64.48426057236169,23.64261770854932,21.775758355129085,3.0,26.69255730913112,6.214579601002366,12.975052568032922,37.53029156429436,AI/ML Engineer
23.647206367362553,41.59777423745516,34.241158167219446,1.0,38.396956287928056,6.1581217763332745,48.1152528241264,37.31539187285049,DevOps Engineer
39.585764197301316,5.553428172618387,16.441718491199698,5.0,62.0427688155827,5.811188778092319,49.32860623829088,34.246575520332215,AI/ML Engineer
27.653186918162,7.0282229274703,66.45948775083399,1.0,65.88240456789835,6.633094787000586,51.25417232815376,44.543041986780544,DevOps Engineer
66.86279183134872,42.4722858575956,86.56867928384115,3.0,71.26476935418205,8.711150769527748,28.174007601344364,58.63129800317851,Full Stack Developer
31.426159510308445,29.50902654584184,27.39744650269798,2.0,33.1734463081018,5.764572962027672,62.662667487109594,27.496633775116152,AI/ML Engineer
16.974070965575212,45.31828388524718,57.26185605431422,4.0,23.785457055674947,3.9759733603316887,48.020471232202404,30.512925847132998,DevOps Engineer
57.223166374321266,39.084925202293,9.022697528503775,2.0,66.77504288476057,5.0872626191333445,49.43984519198405,38.10130665286459,AI/ML Engineer
57.391939261305744,21.911760953339503,50.957995400196886,5.0,32.36490295018519,6.482649134993971,71.03096322605114,41.483343816972805,AI/ML Engineer
21.569291773160575,50.23828027794575,69.86624617284029,3.0,19.61068618787274,3.519199084330638,61.99274608567127,35.63440879438927,DevOps Engineer
70.14254366405032,43.778225955464585,62.03190292300113,5.0,54.3798931013551,5.487792716086872,65.23714121861204,53.86881719864369,AI/ML Engineer
49.52012031054115,88.22219274136124,56.642797364186556,2.0,19.66845074475278,5.917501954098508,56.92899053590169,52.394744808863,Full Stack Developer
37.82557553751019,27.60174644737392,5.373070667771282,2.0,34.14172103305467,3.8388735606340125,42.78579937856555,25.57664828481528,AI/ML Engineer
7.332204478697349,16.98220009330781,45.16369431284837,3.0,53.15858781738299,8.426573570694856,42.587425976193124,37.277783386912816,DevOps Engineer
63.51100679699477,58.45762962275474,10.470682472599947,3.0,36.95720123749914,8.074859031101985,46.45194839159982,36.889941090753545,AI/ML Engineer
55.36111049730273,36.45756571748879,54.15608592348845,1.0,21.47606553946415,6.002900123742312,22.93958548034424,28.992208140618086,Full Stack Developer
56.17944083565326,19.07694846433654,11.334351022270177,1.0,29.631888469315033,8.961167304404817,85.27532856844621,42.73666591450366,AI/ML Engineer
67.4563056550124,42.92789534265141,26.64745491915614,6.0,56.21217527992653,3.4908090840046007,52.7249007716639,51.61931701697865,AI/ML Engineer
11.845545405234478,45.90465067526166,52.584274775543726,3.0,43.294228705033255,3.914031686623968,58.02007854949881,41.034245374734155,DevOps Engineer
40.49130015908206,38.0486010431311,45.15804994032746,5.0,90.15937830378982,6.474597244509654,20.05762350351522,51.19127280929814,AI/ML Engineer
78.00633301490389,49.036422536074305,63.748741461887036,0.0,52.04268431047841,4.714132041507765,45.60913863114771,53.68481205904184,Full Stack Developer
23.314944796082223,25.39997740529778,79.35248185031347,5.0,14.385651395879743,7.765934224174512,67.56853914487877,37.32166978797247,DevOps Engineer
50.01288801817053,59.030828504742,70.13082687324595,4.0,50.928895923398244,7.120028287357931,65.23861888082138,46.83963034075826,Full Stack Developer
17.53671915777922,47.36775644654061,23.107660214809435,2.0,78.75892089096862,3.4436793717488494,17.22802456637174,35.181151893106815,AI/ML Engineer
62.90497578994242,15.386039792667802,79.78083213858827,3.0,45.66720516171826,5.623835049276716,50.86195048512319,40.10359316260767,AI/ML Engineer
49.32480318133556,50.900792851430424,29.128741286189765,4.0,42.35754875262291,7.237565115590173,74.68272495258019,58.5365766090147,AI/ML Engineer
64.17441540763146,28.20886579042088,20.35839460398996,6.0,78.48785113800744,7.160885255398464,83.9055527470061,45.70823414780995,AI/ML Engineer
59.38802935896661,91.72852553044484,3.6336169723356444,1.0,56.3197096769241,7.482342274023891,22.102143761526033,50.89599551834308,Full Stack Developer
80.28086724147343,27.393519508495533,60.96899382663692,2.0,77.30099769172537,6.547185189726665,67.03360118886441,64.72033908474185,AI/ML Engineer
84.4605348381661,17.042513195652074,42.828066788249906,5.0,28.233475226179134,3.948363044577449,75.93352506976049,43.597764886786116,AI/ML Engineer
15.038176281644125,24.405594711359207,15.575381706777103,5.0,42.418263545090554,2.318490648711295,47.4952949982282,22.736560554650463,AI/ML Engineer
56.13565269070655,35.44379838499484,82.16407830036198,4.0,14.565849073559441,8.24404527102584,67.7676437826574,36.3306687681033,DevOps Engineer
81.65701534184686,31.349180606418358,24.184795922023376,4.0,24.50241447854023,7.921700952685152,38.59274029462985,39.28961541376044,AI/ML Engineer
48.782340064627746,49.77682081227546,51.7181000670764,2.0,37.12191543475078,7.249704969816793,56.964052843634505,49.38254396832522,Full Stack Developer
89.1729804947734,12.239452757466868,50.17355234385398,1.0,26.153534009474306,4.18612615854444,31.39673721013966,50.81033735896735,AI/ML Engineer
42.68970940935012,19.286407291854328,16.900968400560377,4.0,3.7548702356093226,6.970045901252806,76.40382267626919,25.96256561970163,Backend Developer
67.09950715619885,38.523401209344776,56.22302908445693,5.0,24.171231830129116,5.620062344063293,56.380639583304145,48.46148990723911,AI/ML Engineer
87.51317037060609,12.856590577864255,57.582244098206246,3.0,65.56712307174955,7.836627852438097,61.56566625301328,68.87919455939902,AI/ML Engineer
24.01809285593869,56.08990537432518,58.212717986144824,3.0,33.31612476904965,4.2940334811190075,60.17200019799416,42.58847290606497,DevOps Engineer
46.277106473560416,20.620076219463012,20.726712902560056,1.0,11.130166653520474,5.713489233056668,76.41670037417879,35.386522077106854,AI/ML Engineer
85.50426024774356,30.16040767198851,41.96822434786987,4.0,53.77723289069738,5.202891171890993,21.086354701666455,46.19680285066449,AI/ML Engineer
67.10691137401231,13.10678616698022,57.7609849814654,2.0,24.634416037239422,6.605447714694842,45.528574813723615,49.40113852100367,AI/ML Engineer
59.031250407015214,11.197620340015783,37.91218954585129,3.0,75.99274005789106,6.2371612893093085,51.535352306985835,40.93545112106571,AI/ML Engineer
71.92191056444507,65.299506150549,51.60584162810873,9.0,15.170825544643588,4.6680166979830755,29.483915693680114,47.35906647978518,Full Stack Developer
58.08211822877384,31.212157220205007,8.369182114117333,4.0,18.626665290125505,7.336745311512585,43.51234837499254,43.72159289184758,AI/ML Engineer
62.456382380627254,20.618334482489157,13.928658478662406,3.0,40.79958987696994,5.572555080799263,60.890240153382315,34.879375005889116,AI/ML Engineer
58.09240341893123,56.34861382258606,50.351296629826194,2.0,5.7429559722420525,5.5572084030524085,65.41381052427923,44.01648574175038,Full Stack Developer
39.56007368198342,86.43273049367848,12.581823790074997,7.0,67.98474111137688,2.7777403872726563,18.31147550517156,54.58579036188418,Frontend Developer
53.04764340156751,32.95458997842617,73.68272279069427,1.0,44.35327201590586,3.20085074125185,39.75290964783153,38.6761195356713,Full Stack Developer
90.01094524762132,58.40740725932475,31.067443150864854,3.0,66.2877885050668,7.441022241684148,16.143941003041693,57.35167897337204,AI/ML Engineer
33.21358081791742,60.39744884488895,30.060508482738552,3.0,37.8908925995103,4.1193472288396915,17.399498183003402,34.01386200063206,Full Stack Developer
79.36955649899637,45.06449835676129,48.818542775091565,5.0,38.23183036981478,5.5089888630736725,62.84252464965009,51.420316783689245,AI/ML Engineer
53.85557664878824,32.22988474548415,30.81382539348201,3.0,68.45451373136649,1.9207766248801654,50.08729863777479,40.921473281908725,AI/ML Engineer
69.25303581871592,78.86573875820108,23.456115881850316,1.0,23.092234973980027,7.566846127459491,74.30501708092616,58.55124539742235,AI/ML Engineer
72.98301454759805,16.948738444681755,69.01503856890278,6.0,35.29117167741269,5.82642098941606,84.05206896051313,58.521911966483536,AI/ML Engineer
64.54142499552971,69.24309860651981,50.53922107133329,4.0,94.83578188503876,8.447941517456716,24.380313591064127,64.23638235904984,Full Stack Developer
41.247992690872984,30.87776195763155,79.78476570746633,5.0,60.748223319778916,2.7324370302631396,5.814603551492313,39.45775270571573,Full Stack Developer
82.73054152885521,27.613374231876314,94.14227181752078,0.0,25.781196015027408,4.221371297920388,33.14869094721332,53.46282422996393,Full Stack Developer
70.42450933327872,12.00875542685711,62.80769213266417,3.0,87.48605834814852,3.258528846033463,72.69403253603495,50.97149745733569,AI/ML Engineer
56.72864218220006,31.478165431140155,57.19879037981946,5.0,12.714331395734005,8.693247043976069,47.70028706649837,44.73251174064849,Full Stack Developer
58.665955612283774,17.676687750812185,32.390998321694866,3.0,9.116438444706844,2.7662212024642745,62.51453618753759,26.66077415999183,AI/ML Engineer
35.167812874269785,62.51862375477947,70.38285125922322,1.0,33.6011214587293,7.030269952073882,38.475803795065254,38.26190684590277,Full Stack Developer
65.64571582982066,45.04834593281691,75.12294422707612,3.0,68.6578487731715,6.755875867354134,59.28193424854101,58.11358978896555,AI/ML Engineer
82.36313751302886,49.31729250606267,19.315828610339185,2.0,88.42864945675699,5.0647664383296345,37.15124600591925,49.190949546147706,AI/ML Engineer
28.13537120000904,28.807412813722156,18.471272145662983,6.0,47.228997984118124,5.817825255062219,52.055664305563354,31.419637528346676,AI/ML Engineer
30.1368002378542,56.16645312320596,10.177765984044951,4.0,60.33000896846477,7.527025886894033,64.36165228414141,49.502080853551355,AI/ML Engineer
65.21081277833058,19.495992159646,46.58321344726974,4.0,56.466759860021064,1.533455145425437,62.78436154837704,41.981286051807466,AI/ML Engineer
30.995626673438387,25.83509842047576,26.743352746949718,5.0,67.54194032839654,7.311421741059317,42.12440842178119,44.51182472126826,AI/ML Engineer
47.60618628847874,22.47941798375087,61.64130805920387,3.0,58.963350280405635,3.8923427330181637,26.01951847332236,42.662162540237446,Full Stack Developer
48.24832465216326,51.866948960925605,91.97625847517315,5.0,47.08750603948538,7.464948783388384,53.911720490782436,58.87475336802535,Full Stack Developer
32.50538413067248,23.45731371333653,37.08547482653757,5.0,59.23117772120212,8.734380424018442,43.31433407949611,37.9152194644929,AI/ML Engineer
74.77526489083836,51.23376212210644,5.871993204293995,8.0,43.86586435333748,5.669625494762471,67.7984558468647,55.22535289881942,AI/ML Engineer
67.03204451226928,3.5913574106889485,66.0741516891322,8.0,45.810110843807664,6.715671859802278,40.9672880440089,48.57709957846644,AI/ML Engineer
59.74200392776249,76.06779507100273,40.673342216488024,5.0,47.79105191438008,5.4105086986076305,87.54987998996506,54.38471251427374,AI/ML Engineer
46.0449810774003,30.31483204089521,28.723455612920517,5.0,15.261609573952844,4.191042433603458,30.794053207669485,33.954216197556384,AI/ML Engineer
64.17653156965729,55.417632231672386,27.3949785064471,4.0,24.152499865115022,4.268766947180624,36.3008775093865,39.36737947836392,Full Stack Developer
9.131310412739142,3.4126065565356307,8.210160143771553,3.0,55.371998187869764,4.687640373869471,66.77811495410025,20.560808210617246,AI/ML Engineer
23.076463989145264,7.892816632549611,74.80957272582349,6.0,65.10450496466366,7.278274438133211,25.27967137603052,39.60069181654559,DevOps Engineer
53.50222831044322,76.33289782586085,83.48740417604373,3.0,43.088363044228615,5.244177854635624,79.89723240652262,55.73909670732328,Full Stack Developer
49.022813877895615,16.30438565136354,51.614057403587886,5.0,36.93703783257929,6.591286612435198,23.49293596445649,46.85877884542465,Full Stack Developer
62.54048356737949,47.832211489802155,56.51783359132193,1.0,19.794826357684254,7.645256009584172,2.4188845427822825,42.838747851164214,Full Stack Developer
50.720496852807464,62.09345754560547,8.783195479690587,8.0,17.997676456720356,4.346733827474422,49.83170818960064,50.36686482068276,Backend Developer
35.56830748654987,18.524227414797764,12.151035034790208,4.0,30.387428098502973,4.421537742092801,58.93033293908546,28.682081969532085,AI/ML Engineer
77.70778549237633,69.31266672225043,61.3893891786794,3.0,23.23490758431096,7.505858529548127,71.8261035356663,57.40863993227357,Full Stack Developer
40.968657984141046,44.985323818951244,11.747533454602358,4.0,31.15802315514889,8.255916576095556,54.57842263564734,36.13776099381265,AI/ML Engineer
41.55667402165997,54.70510579183051,62.072370971898295,4.0,28.04451338678044,5.978914346777941,80.4102609086458,48.95919623990369,DevOps Engineer
89.93449744185308,30.652795956908175,71.85220540633519,3.0,26.20830982159032,5.159668301863442,27.823371854478346,55.84506239280842,Full Stack Developer
17.430281861267037,17.490977825490077,73.164240572769,4.0,43.093003770111416,2.651628820614399,30.312712207867165,18.77193522249953,DevOps Engineer
42.970259970058585,52.64509134893931,39.966384621397744,7.0,62.51124406173384,2.3843908396804503,55.674976297699075,45.335783876758306,AI/ML Engineer
56.072517964343774,60.94123352628307,69.8818598340545,3.0,29.913414907882117,9.499459072053526,58.4728755712833,45.15829252895692,Full Stack Developer
40.95520000858801,47.24827545424836,28.91582429953596,3.0,57.98485539280676,9.42572953408052,65.79339373216169,51.8480847034427,AI/ML Engineer
34.17586429244871,76.39951884130924,86.43772127180574,5.0,57.087587566222496,8.73962118141282,40.307165048075625,63.606076772869116,Full Stack Developer
46.38847546087755,57.53739971657236,19.30123347001363,8.0,88.58189354167524,4.6989093985429085,11.521614806420734,48.76692685778566,AI/ML Engineer
36.07914584217946,74.83854607986741,51.77345376133312,4.0,31.537723610387854,2.976929446469475,39.888280442825646,44.4974875862898,Full Stack Developer
73.5069329240235,77.94876874017311,13.83149104217315,3.0,51.644445507600146,7.629529295715401,76.40491322375591,49.58882466021474,AI/ML Engineer
5.412309706005629,62.20475173353515,54.87399597318533,5.0,27.196053057663722,9.05418985774084,48.359445161956344,37.340266426300666,Frontend Developer
57.4683075457731,50.565673924081224,14.944498164431419,2.0,29.638418060690196,6.91655548002014,19.33390903940384,36.98999972602965,Full Stack Developer
40.38344122438353,16.39554552187517,44.75166410248942,4.0,28.39856867294487,6.286195100729149,61.45923213738727,33.461636366945655,DevOps Engineer
55.95351158092955,87.44025731974568,26.258171193302864,6.0,50.28496918075511,7.316259479510129,84.96738759014136,61.88339994282972,AI/ML Engineer
63.03744625010012,22.83188259726911,37.6586628011482,6.0,27.731082075360753,6.99586829070342,69.91233428643731,50.03420813698881,AI/ML Engineer
25.964982850838116,34.55310504541145,37.00591190545071,4.0,79.8781248751929,6.519571307136242,63.657542493933526,45.68979187273442,AI/ML Engineer
55.71503392541095,23.561950372813037,15.007788246170037,2.0,74.29317876083296,6.895965761834194,34.96648090367922,40.06355088473465,AI/ML Engineer
15.02986514557679,36.01640008064372,17.798873687928797,4.0,14.343261086386319,5.0621220779543155,76.5430177532981,22.940522625955133,DevOps Engineer
20.10900355996999,17.355140590518015,66.44335125878474,7.0,54.9152284681375,9.036549950251699,29.10077261310392,41.1462749460942,DevOps Engineer
66.36382406195102,48.62435224971572,8.499672105954351,6.0,40.0050830104899,1.39776680060772,67.54582158903749,42.84920885403663,AI/ML Engineer
43.04939571765211,34.17318925363199,58.4174609484457,6.0,55.12265824862461,6.16098067114274,11.882921135828997,43.27821936587813,Full Stack Developer
80.56644063714523,42.643039351879644,13.243848928583516,6.0,39.69576338619613,6.261565476779557,78.19832742545326,46.487311684941645,AI/ML Engineer
51.97109623679601,55.59354930834538,24.016753780913923,3.0,20.504314897263647,8.812581699281496,75.00924454855851,47.92896561100333,AI/ML Engineer
39.844591489098605,8.280632892651587,75.75083609296226,2.0,36.232946285250215,6.830649535368619,31.096952009340246,41.36796038774407,DevOps Engineer
45.61679889055216,52.0783620274712,62.78256369581171,3.0,81.26268663838393,9.129782178062097,20.952791058626534,48.54441296438462,Full Stack Developer
40.34121754387273,28.370633358458498,66.23997732375948,3.0,43.17273223080369,9.419578651861078,21.72856099045654,42.258664903743096,Full Stack Developer
36.94174430104085,31.936319837872972,49.31403838470096,4.0,45.04948095613248,8.286183565446755,29.244528628703176,45.41514640557762,Full Stack Developer
23.33639712371543,39.639754648384546,32.50404516186219,9.0,8.378355013649593,6.404822788195883,70.82824698774753,39.28355144040463,DevOps Engineer
65.21030174412637,20.63052269280824,9.057756382429623,4.0,53.752335211150005,2.2820682678064186,52.56235946775912,37.08321401205322,AI/ML Engineer
60.72441010240631,39.38685399829888,73.29965626254298,6.0,55.32725091328614,8.63263795408467,34.20846971608753,57.52224241922089,Full Stack Developer
76.54665379190502,45.93773233083503,52.76577734769339,3.0,5.618799478692579,9.08145551664537,29.416201906727984,50.396852763456295,Full Stack Developer
51.149663492426235,44.05537226070423,72.0117424363779,7.0,35.125684405901644,9.08391986100661,29.45011410746324,56.49707289817539,Full Stack Developer
74.86434539972888,26.493110945242606,1.859572295580196,2.0,72.29557830051833,6.370160218783455,31.68972877740332,38.54657868344598,AI/ML Engineer
41.49360861618752,30.354381935222886,4.857118257203504,5.0,32.79001071775824,8.355276067573586,37.09326090613619,36.139314438536644,AI/ML Engineer
45.930203166362595,6.9909870559266105,52.37707495392484,4.0,40.78229608727671,5.20201412262832,30.469157029818135,31.13583308658769,AI/ML Engineer
79.57964320949735,18.963613484266244,18.770344736384722,6.0,49.08311871312078,5.659103815441233,16.914409542929228,48.81088192191441,AI/ML Engineer
69.99497656445271,11.954975276116734,16.51510996277906,8.0,45.576522804189324,4.24337057146277,60.87252076727808,35.19874600234918,AI/ML Engineer
69.3351406022942,55.19953052963425,22.110419235580085,1.0,21.815117883282014,5.341171233441382,47.65372259289595,45.228824037243385,AI/ML Engineer
20.412719993606245,23.416053266077196,11.517307503872214,4.0,32.945858576406515,6.738691778558563,39.71320022445005,22.76271375719364,AI/ML Engineer
56.257257163834,39.29270351398627,63.59752879520634,3.0,31.986481365721097,6.078764425397699,76.26910499252314,51.41479678460679,DevOps Engineer
73.70465065650245,38.82149741250373,43.93626789352177,5.0,43.49278357013222,8.218673930301266,70.71767957711343,55.75582257698071,AI/ML Engineer
64.0472976101255,31.14978058951361,5.935575676260758,4.0,40.330508505522566,7.232761707898492,11.830705266338459,40.204306237894926,AI/ML Engineer
68.66176360684744,16.087959589487646,65.94206780053183,1.0,25.02164148795219,8.056005719719332,17.04952741698593,53.240748166793004,Full Stack Developer
78.94592840662366,29.379355893019145,19.095665523757596,4.0,68.85826208916585,6.7359902884132925,55.21737071911862,46.78966095640557,AI/ML Engineer
24.16378084368307,64.71346642736411,68.66968902965296,4.0,54.51260210604488,6.839248575818051,53.394941587220934,53.60033155378224,DevOps Engineer
39.62256984185594,55.428733505296414,45.16867207375405,2.0,64.75609334410596,7.317323228391837,54.2703143234716,54.37100559307801,AI/ML Engineer
80.73551500348415,68.84248389986057,41.56671927301512,6.0,37.16565428073342,4.342320125816522,10.658383674555095,58.26925842043875,Full Stack Developer
61.08196700171952,73.84397204028491,58.575084880322194,2.0,35.25407520103216,6.857983326484217,6.278569236584734,48.898827890427675,Full Stack Developer
8.716603270128278,33.4041264059205,44.93051550578394,2.0,56.7319499498391,9.046263336255311,58.27165347925442,35.89620288445101,DevOps Engineer
12.10457353995053,64.96372314919213,4.277930668129025,2.0,19.69873605809139,8.726776927012587,95.1047283441095,31.067582792122305,DevOps Engineer
43.86534863643234,29.81279792528122,61.020184503787846,1.0,61.162581332951106,7.236204559697309,44.51379875612357,43.73170541479217,AI/ML Engineer
56.87482662037904,41.118418078086364,5.272803417651786,2.0,52.81246286138167,6.362943235659757,52.92377391554027,36.95846165585476,AI/ML Engineer
32.97461941911479,37.064801034250024,38.1894848581678,2.0,27.406110823412604,3.778101471165527,79.34617111523436,32.425149880597104,DevOps Engineer
45.875650923295254,51.06871364125133,23.13446000087944,4.0,26.444646464585336,7.431240143369121,51.60958318612552,48.46937573854797,AI/ML Engineer
29.031383923406693,63.87077654330982,38.574466767797176,2.0,46.21144291176267,6.31132228275908,67.41755444112113,41.835898948119436,DevOps Engineer
50.77697728097773,35.889799748738774,14.767077194236927,4.0,20.51727708223705,5.838343269212617,66.06572397182312,36.8356713392228,AI/ML Engineer
10.959102771438669,39.89464510530685,98.25397660339003,4.0,55.41367082791984,4.713551881104795,44.38674978790376,39.07458323687306,DevOps Engineer
66.22175436187665,33.12613518272456,44.01246659027042,5.0,39.70949858723707,2.757543798479181,41.05676833610357,42.97438049489667,AI/ML Engineer
54.570904284939594,39.46527123275608,55.49657510844233,5.0,68.50779716245833,6.237227100284601,62.54540345950323,56.13428749058312,AI/ML Engineer
62.05345366654692,43.24203230638203,52.318004110057416,4.0,30.19188266203171,7.4077911084719865,83.33617887601037,52.56009810400714,AI/ML Engineer
12.28849823478927,50.58919249474262,10.176193074598935,6.0,64.39850333653769,7.250857103336287,37.45811634579939,43.59139561046825,Frontend Developer
39.59138646849596,20.0253492816875,66.16892379088662,4.0,11.019609568388528,9.160945870025735,30.035684702456923,32.09488741010488,DevOps Engineer
83.71751161246453,22.29542715015187,45.02248600759691,2.0,24.11551927235122,6.385063514158798,36.08944813034368,41.166860960561145,AI/ML Engineer
45.048782185877855,60.446843057638155,58.561585800177205,5.0,5.95906591883704,6.396371048986338,72.77244586019323,43.50015134146677,DevOps Engineer
71.18112179095033,44.668293609935674,49.46704697319734,6.0,23.19963118334901,6.2210990107765385,78.0453781456693,58.37689800447686,AI/ML Engineer
50.46757375147426,31.325013982525995,24.568902552846303,4.0,36.44710932842228,7.396147622080699,25.948963613362004,40.2218203775085,AI/ML Engineer
33.045493050780124,77.8013171858422,37.75991582953669,4.0,37.71065772161368,8.274840351338849,57.1561704118322,41.189567584074894,Full Stack Developer
93.89037162923563,5.858355365463193,34.44721222790932,6.0,52.852026309846664,3.810250267576361,42.59743772724005,52.14045533440301,AI/ML Engineer
63.76889105665139,36.70317909504011,37.66273135774722,4.0,62.809199482159684,8.284542950245697,57.0901603485515,52.040662470907726,AI/ML Engineer
87.26883641117517,34.468085470529836,5.205592876954574,3.0,58.155869955425224,7.452829255414803,46.8200667571739,53.960479023277614,AI/ML Engineer
26.88887435611945,58.77737345835785,45.06733160683349,5.0,26.912026374875325,4.428373621914657,79.085008635701,48.074976149847615,DevOps Engineer
18.017084796852874,39.37010073370227,7.840552023434867,3.0,35.53506217843419,7.855462680563684,9.461452031449447,23.825173454337627,Frontend Developer
64.63899556358209,36.852551388823336,64.58728230046718,1.0,47.67074135852084,4.1270875415591535,43.06277806010858,55.0653561422738,Full Stack Developer
55.19208948673408,53.256060429780575,35.13389040435855,2.0,61.17046138024153,5.536383888249226,54.64717668631779,47.79262509234488,AI/ML Engineer
47.84511677637141,15.667294882172989,49.28565993739374,3.0,19.09160673463376,3.0945681985390583,28.61726295900112,29.307160100980983,Full Stack Developer
66.2314723449337,41.20587641734329,30.615353615098172,5.0,62.293851801332536,5.365731917327386,87.64865951757885,51.75690545126484,AI/ML Engineer
42.33854267174549,40.6105604341329,78.09153043046351,3.0,27.045160228359734,1.723558106247286,19.651076775385764,32.72085990067133,Full Stack Developer
30.294166223612116,66.7436882971275,46.72301906150475,4.0,73.836791268316,2.9295791350829687,77.0830054058663,47.69033848987011,DevOps Engineer
25.79767789001284,82.22636125368442,10.784804478788637,3.0,59.12060027421968,7.836970906093158,54.70095712443528,44.23906167581269,AI/ML Engineer
53.64206964045242,65.58159247336444,37.497249353355336,3.0,72.23009924046663,8.588073475791031,45.16073352650929,50.641292204589575,AI/ML Engineer
27.74096702340002,31.707402136590062,12.977348264144567,4.0,30.17730338181,6.271721422468019,26.99061014458343,26.139213843867754,AI/ML Engineer
78.84482791181512,19.877655264897687,44.7349741326829,5.0,42.34435621104809,3.6536991773145777,65.77897242846376,51.88188688416066,AI/ML Engineer
66.30935784326627,26.0328344781282,84.57898804635973,6.0,48.85738690586452,5.554053881929418,74.8822860753547,53.20914171256731,DevOps Engineer
70.48188796819849,23.48207615532168,19.67838267069468,5.0,66.97608275397661,5.7274485484011,25.5127199371456,39.91448824166796,AI/ML Engineer
81.44333372228573,14.459644562093404,36.66086688028091,4.0,41.64001209990745,5.3626980441558185,47.554366488963986,46.97910735750709,AI/ML Engineer
60.96066912848822,63.94552385443982,24.263743660001396,5.0,69.09391541554271,4.768761571346907,14.608051821153452,53.86535639449829,Full Stack Developer
36.70478821510229,59.884447923437975,52.608879000600304,3.0,22.0996349271369,3.8603635181030387,52.614982982960775,40.340469072662415,Full Stack Developer
22.22525678673753,38.25318028179161,43.21656069531844,6.0,35.33617562194464,6.928072718719593,28.343307787326495,30.16446538400774,Frontend Developer
51.473884554169544,33.239982784362695,51.98556697137761,1.0,45.06307040939343,6.743277137526614,21.39262722781228,29.654129768448925,Full Stack Developer
23.850241677678294,54.19277689416884,59.627573991372564,2.0,38.76992284769387,5.212663850879976,25.76704231028816,34.557534847321214,Full Stack Developer
28.619091776631784,37.91623943092925,46.41286906544391,4.0,11.835822965665024,6.504103599616467,57.299066164645176,40.11567351089684,DevOps Engineer
21.813598830979906,31.21063372171209,56.64428148833282,5.0,25.495586790547875,8.89948276119076,52.04469979303116,42.83244142425745,DevOps Engineer
65.82106466987958,32.31351884052443,55.272424515235755,3.0,28.749347124156436,8.30029991594289,67.28056132265601,44.705328435916066,AI/ML Engineer
39.7814587338677,63.65178375480597,44.66084429040971,4.0,51.50541282633094,7.524421766044844,41.676845213689184,47.52933287431668,Full Stack Developer
50.0069716285166,21.755525102482505,44.63691793176725,2.0,39.0045371171962,1.461239058198597,21.06696490189315,36.40266740491667,AI/ML Engineer
27.699665140257157,59.37447990042819,28.912918349343187,4.0,51.4481758752819,8.961843078427421,49.12316327442904,43.579712854712206,AI/ML Engineer
35.27327199025528,46.65156016650497,22.784323950462817,5.0,26.033246619985523,5.2250881124544035,80.19801348664937,41.887854711882134,AI/ML Engineer
67.17419093658388,75.83075374441657,57.558888336219695,6.0,60.378467600665566,4.785020436611917,54.66464593934327,59.68242832109458,Full Stack Developer
16.302116084000115,29.302358836495085,58.621784498076345,4.0,19.988585692879393,6.506554910008537,45.899059911898576,34.937052497268,DevOps Engineer
66.74054849043554,14.811371559256889,73.22742937921339,7.0,67.4677650362874,1.9937298409988644,66.0517196222862,47.93412090181453,AI/ML Engineer
74.46456540996051,44.77938794636722,17.774056033833194,4.0,83.05401532603082,6.870416475477969,50.47675075820703,50.17085468727022,AI/ML Engineer
64.35113719784533,18.888167020755287,10.685925350348603,2.0,69.23494021595079,6.016742306218217,29.83065956003319,46.19031037650019,AI/ML Engineer
30.654775635390813,17.824036206414583,10.133027797201091,1.0,23.30173579425313,9.05607636724908,47.54567466476334,20.667232788735525,AI/ML Engineer
40.501692101242234,69.2403444948418,26.407420893845174,2.0,47.57108042963926,8.959507773705251,38.54498461895326,43.958543063910135,Full Stack Developer
27.87084081904574,68.87981798372624,0.4089721849643866,2.0,70.17155324623397,6.137920700725742,19.93366363111907,38.993641082722434,AI/ML Engineer
42.08428905878401,36.665274407450276,81.99114751785518,2.0,42.58540612377216,7.0562861978435585,19.945168426991795,49.88745281047244,Full Stack Developer
56.84315492801173,37.23243701383952,13.774238163047613,2.0,90.74924995488374,8.524407228250947,21.547432498393157,43.54315533271765,AI/ML Engineer
60.90158765152041,37.207114856689834,43.63436138578126,3.0,43.56715631516786,7.941461934494924,66.53444361776272,49.149451980672296,AI/ML Engineer
58.699170377103286,55.33770712131749,26.015229778361025,6.0,71.0147750459538,3.0475424136628786,46.61006442035761,41.74228292738413,AI/ML Engineer
35.995124498322554,29.439657728717023,69.44476174856106,2.0,32.747921365924455,9.00808111168486,96.56414893120015,47.25381730578105,DevOps Engineer
29.284219922528436,2.3734815680278047,25.50470192383117,9.0,61.73277206128029,7.35898894417446,21.64084252770587,42.94097225949585,AI/ML Engineer
78.10393972323834,15.223735528523447,66.65723455906257,3.0,31.0198152161782,6.913669846530847,97.31576849589673,40.703905315537824,AI/ML Engineer
61.53151439773041,23.524757532885662,39.476448533417226,3.0,40.24546462144016,8.459762414982816,39.4672579831336,40.342311752464326,AI/ML Engineer
76.49972556589603,30.334856284545054,54.56082640987011,5.0,66.06228619942497,6.9212891829341565,15.66406450215647,57.67454024999993,AI/ML Engineer
66.99734197156126,54.94097349516595,6.566881298964137,2.0,4.6092604939051,5.272064385198902,45.25251230324519,52.66687992908638,AI/ML Engineer
16.438375471925433,67.11469329803424,56.718323774739744,8.0,19.837090356620347,4.2247847973822195,43.54880120403999,42.35839250977702,Frontend Developer
76.48473016952364,23.627032921691935,36.93656696036206,6.0,15.13433610213896,3.8457789036892143,67.44492242679993,38.22805932822169,AI/ML Engineer
45.326637563909834,38.166469128814825,60.451549745519905,3.0,79.5975239458098,2.2281771099499874,53.594481571968586,45.637327569638934,AI/ML Engineer
83.31599093924955,59.14092115894425,4.417566036543148,2.0,23.88745012972652,2.8589228232088217,60.81231323887748,37.66820592487924,AI/ML Engineer
37.88211829446405,24.45414632645153,72.58117136077223,2.0,95.34128491453599,6.431664715307393,81.26138587209289,55.070120591023574,DevOps Engineer
98.12330762955945,65.1598313480702,2.6183563493822524,4.0,14.896825794720236,5.218629748839012,57.55187637788535,55.516819152065914,AI/ML Engineer
52.79547945954604,14.060437958910471,12.159256786704269,11.0,8.345984755279826,6.076886857991546,54.05755628317046,40.397906911443094,Backend Developer
46.66919857345676,36.71598322630115,33.24418160884258,4.0,27.53644428312131,7.776057385455891,26.70201991609236,37.58836991453794,Full Stack Developer
69.4032838181014,36.053051771371514,64.38848844024369,6.0,38.89222600127765,9.24818050068685,33.49374915343268,49.93878063153082,Full Stack Developer
18.81676958738937,52.44354242576672,78.24519802296777,1.0,70.16394187672319,6.5286075449726955,44.55475418540119,54.18544717347303,DevOps Engineer
25.81769783045732,16.909939948481306,39.36721513234225,5.0,27.06923768636806,9.323027597231762,27.331991820621987,39.895620527869426,DevOps Engineer
64.83579190037179,62.440998571698714,17.58759762257482,5.0,74.3135927676474,7.88700797724776,63.11667368104735,51.08579657292958,AI/ML Engineer
55.933136985425556,49.63477962445354,31.694692706073358,5.0,68.03257414836341,5.126474704485041,6.867245419530729,44.961342682839145,Full Stack Developer
21.61238986751853,45.70956560506343,84.18700223134772,2.0,36.62937257214106,5.71130955893393,85.67685450535359,47.61022998701765,DevOps Engineer
81.45164540827155,31.83340132144132,85.3719304691187,5.0,57.898030952898324,8.837794634643334,35.27531710866794,60.06046567940944,Full Stack Developer
59.8247057234882,44.36169578244355,11.798100934715997,5.0,31.94576118131386,5.944992703981392,82.79941201718644,43.13328028655228,AI/ML Engineer
48.176934035057364,56.1523196720226,24.651311406587674,5.0,31.75849720654307,8.46261594537414,33.94943035534389,37.05073621902458,Full Stack Developer
20.051527805090487,56.35711548823505,10.985243079704796,4.0,62.98955245267849,2.1604349077144795,63.302204927640204,29.094459432414226,AI/ML Engineer
65.07824181797622,31.282625646768274,34.9400330052142,4.0,33.689270729898304,2.587064784485982,40.82697721384912,38.99171517976924,AI/ML Engineer
15.615606352650637,21.16537993248487,6.882755361911292,4.0,62.59219691130168,0.6941615338312532,57.99442226324768,20.658221559182017,AI/ML Engineer
68.34981934488148,24.262061458458124,80.27450166792495,4.0,49.1694573367707,8.64272171364041,38.57153831800574,48.187678741943316,Full Stack Developer
28.24210293558184,57.02889049798783,26.51253760417304,2.0,68.76067254532833,9.299970265254043,63.40707048430193,44.6568890872964,AI/ML Engineer
95.51231444950554,33.91415909374948,39.94414436100441,2.0,50.786739845046,7.265234486218189,40.55378788231405,50.175756995671534,AI/ML Engineer
37.45400584067476,17.00144260599198,13.580169720250762,5.0,66.4357833614025,5.034308786185121,79.4328159034872,36.41247390716627,AI/ML Engineer
48.277467251812226,52.47066251858319,38.15225396259569,5.0,39.060986401501616,4.284755351274981,76.76596670570339,49.73101233557165,AI/ML Engineer
59.9052476475761,51.29900026533695,9.20318484465575,6.0,74.84146100480264,6.743883206860887,35.69036201912572,47.86488117078061,AI/ML Engineer
34.40070832097046,31.220962459160095,74.02447813435963,4.0,25.5852077337503,1.8030143119338893,20.627496666128174,32.48979595394883,Full Stack Developer
77.98056863971972,13.639017836818153,36.41832376327875,5.0,60.03179565687733,6.248456698253111,29.837673215373812,52.29929520267386,AI/ML Engineer
54.591712250587335,87.02422689999962,51.99688258740648,2.0,12.730467998740272,8.457091271625247,57.463064933117145,56.75973737298765,Full Stack Developer
10.742679418446002,37.446233919083134,55.085993888927746,6.0,60.200490801453846,7.620353317216788,72.94134318687985,45.725346343331104,DevOps Engineer
16.864761500451966,48.55773035838311,49.668618280433435,0.0,63.25977313097846,6.067330220541662,67.61679795892337,27.711627413432943,DevOps Engineer
80.52208550551158,34.669700878806445,13.927438694273741,5.0,84.6011248854646,8.312555402099237,47.89713027831111,52.809631774491606,AI/ML Engineer
42.982396871229675,22.350671366176922,67.35841004323768,3.0,57.307095885746875,2.9510701691244727,32.157407361234824,37.11580030313004,Full Stack Developer
47.64328345679041,47.27825624795843,65.37301147135763,2.0,23.50238487815603,6.94355133106998,48.775002243651414,40.95216360454931,Full Stack Developer
42.54252726683993,16.72998963552838,48.473224324446065,8.0,50.86253122717797,6.694695810487868,50.320957499672836,47.36068968104904,DevOps Engineer
33.405886795590774,48.73479049325869,7.8685667444203204,4.0,26.462094769332083,6.599807034313877,76.26632336556986,32.943862900691215,AI/ML Engineer
47.807321432069664,75.90832479115369,48.517724594900756,6.0,27.574190455286207,5.24088965069109,78.45604256377014,43.75902231346549,Full Stack Developer
41.96977502119211,35.36405171538534,25.6536281182905,4.0,41.00257876727058,7.315017729546598,37.277350542166694,39.973410867803516,AI/ML Engineer
93.30336347088483,26.00203789079198,11.27199963965612,2.0,2.7245223845431683,8.162737184490682,11.21446041428881,40.31111685501309,AI/ML Engineer
44.9721862661851,18.79813800109694,22.88308143794597,7.0,76.71095898701417,7.801235379643816,71.70416881176645,40.21608738168067,AI/ML Engineer
26.595839328179398,29.822836191573476,84.74853503110995,5.0,49.45010962459462,8.154710743023365,75.80733409201217,52.277784680104574,DevOps Engineer
59.649358199454326,33.61716875771057,51.4057268728211,2.0,23.098321129796513,3.7189955516762563,9.786450856457346,40.67411207862273,Full Stack Developer
55.77415490282684,68.25670216910983,54.129610509611226,5.0,32.728786941558724,8.42469927839461,32.53681440281696,55.81346901178341,Full Stack Developer
22.37181036880365,46.85795981451153,49.981821967513355,13.0,42.350937609720745,8.327424882135634,31.997119468834246,47.66157137175124,Frontend Developer
68.28341647128444,55.39346857652257,40.16220261380412,2.0,26.91820069294896,4.047342377501144,59.176698144068766,51.665758445722034,AI/ML Engineer
39.8320934216961,26.27473049285373,19.19347445955253,3.0,26.304270145476753,6.128042399235398,83.09611425353238,33.04345098683999,AI/ML Engineer
22.89220186224238,39.804588761582124,31.7016886751186,4.0,41.861054237182024,7.988500283392376,83.8629184440588,32.69224411863964,DevOps Engineer
52.31493909426506,47.9002381955066,57.26311419243573,6.0,74.80703769125337,8.288251815638327,23.447726261346634,53.893842246978274,Full Stack Developer
46.05604182835822,5.763628188475376,81.94070816693747,6.0,71.30058636847755,4.349632881131646,29.136830664474942,36.18128674920854,DevOps Engineer
6.439287611802949,7.204932634286679,10.380727614887867,1.0,56.64389844574204,3.5353211259406905,60.909238508267705,14.875000153372188,AI/ML Engineer
89.08663310214988,7.294154633479402,26.790409369067607,2.0,21.656395031769467,6.4994380335787785,63.10252849824155,49.7474532249013,AI/ML Engineer
38.29378414064383,32.218270289693365,51.389668004924225,4.0,34.56936501727226,5.760945975586469,56.199352688504774,33.97894694262431,DevOps Engineer
42.536784594410385,58.4328201359502,43.113282686670864,3.0,59.630542031360356,8.6728932159337,62.33003732265582,45.151981759015186,AI/ML Engineer
46.21625388455512,20.837834023175443,66.10896988335837,5.0,25.5404247093968,6.448327048001604,65.40598571079856,45.03577693416575,DevOps Engineer
63.4002951119518,15.972005413955644,50.44178580802565,6.0,57.040552490175244,3.707746366711035,49.4148542507274,48.66137332504399,AI/ML Engineer
67.86165943085531,27.540146126376687,76.83632126419452,5.0,7.473242023430071,7.144622843054437,67.24256294155697,39.7950757188067,DevOps Engineer
57.48076235917791,34.339391345014974,69.93535463408382,4.0,52.36768645563801,4.894941353630853,38.2066337758386,49.63271734378998,Full Stack Developer
6.401739313936436,24.07856594681236,53.26011582505944,4.0,78.78352746325903,8.017933865131283,28.985162228377643,34.94792147284214,DevOps Engineer
19.589824113412586,16.960176691990902,71.30168386185939,3.0,72.62807462440401,8.656971083182297,54.909523168175,44.434288031475724,DevOps Engineer
63.5349846497243,15.372472697969416,86.02637444761653,5.0,74.32315863951867,4.874327717486629,76.22843582820495,52.68305420404467,DevOps Engineer
47.91250899128329,84.17451485754933,30.0136138042423,6.0,60.28279650154359,7.298971870214683,13.234050143159926,46.490152651467085,Full Stack Developer
49.066009937890776,11.36704431781749,61.33459111331664,2.0,48.85572981119057,1.9735710819162646,23.57529543623704,32.81400837022039,AI/ML Engineer
60.8805456364106,50.032268319684846,6.444674499633808,6.0,85.77463026678168,8.353185682676276,24.382449497012633,54.7607321522029,AI/ML Engineer
58.677152184227246,78.68445753130572,23.71480243980387,3.0,26.714539286613547,4.715746451140652,16.857979473621246,54.74775035953737,Full Stack Developer
69.62212071320667,61.773075421916715,73.2484864738668,3.0,56.15339284136316,6.766576405605054,54.56446385339111,62.11447417518495,Full Stack Developer
48.57695028404972,15.664397740718986,76.93698105672321,4.0,64.52272555951669,5.758873841301072,76.29668155600207,46.11515150418911,DevOps Engineer
46.465506964930455,72.04292016491667,13.146263921564508,1.0,29.820225864179072,4.37792996565563,26.966458731893617,32.79794956918928,Full Stack Developer
45.3078151787137,12.551942928056576,50.50040633037432,4.0,41.38542882123503,6.77429621017105,78.3071810683946,39.51761391872951,DevOps Engineer
56.78906228941063,25.87482078726505,91.05486206478099,0.0,43.130422589314094,2.2454802136332352,72.01445330699649,43.454009010757034,DevOps Engineer
70.28633511440658,34.12910219016466,60.837296023032074,3.0,71.13312541965038,4.361164828744635,35.675133937102004,53.36678431970437,AI/ML Engineer
51.147831661243345,16.68021286138853,7.191744625307024,4.0,40.18079661889149,5.72342475511924,53.32501374635249,33.3204316945554,AI/ML Engineer
85.38568187435791,40.464830135081165,56.361527302676365,4.0,36.47284436774319,4.574525174938159,86.72361066805995,56.67314649844957,AI/ML Engineer
42.29344347131235,22.41979411495853,15.891273570175349,2.0,65.70172112279002,6.032847917085983,61.426006680709534,35.601890308517,AI/ML Engineer
90.54369907694301,80.78214748892056,41.683891771740946,6.0,77.31402522681758,8.989535795918194,73.38524295460908,80.84642524825902,AI/ML Engineer
22.441186447357335,34.17684620975423,26.9044153252876,4.0,81.16833840345173,3.4628278769315624,90.0139634501442,41.53921437604725,AI/ML Engineer
35.21101219840595,58.973601460633674,15.094218872116826,5.0,18.680773970837926,4.06886240825839,66.72784617453846,32.035504778554255,Backend Developer
11.303333256561993,77.92274148652943,23.29791538937707,5.0,64.09084522054088,3.4978591325540727,60.32819625569954,45.53851806759501,Frontend Developer
20.160204036907302,47.31677993056245,39.022946512254656,3.0,15.391143921918147,8.81230069161798,38.917616699798344,29.143649417811822,Full Stack Developer
63.77036025358227,80.03849718071072,55.10078840714861,2.0,72.5405493390758,6.3780918278451315,30.34535405834784,55.71844707663339,Full Stack Developer
49.4996755650785,57.93298021703978,51.94812551852651,5.0,79.25654890253631,2.7585115456751823,60.31393572551534,47.91149120326482,AI/ML Engineer
67.088656571467,49.592523028274336,67.64032133982086,3.0,41.08042050959435,6.002559532175357,8.32996659575473,57.55973452558975,Full Stack Developer
43.58550081500737,35.89375085974199,57.35258919245327,12.0,17.319030132945905,5.446966476630281,71.15551692186037,43.386851503368014,DevOps Engineer
18.561764467616438,11.05280914886114,60.77884033319029,5.0,61.276727961526156,2.148320675975772,86.58437074634594,30.99344687388842,DevOps Engineer
40.53432633246816,34.283401381066106,4.953717750280317,2.0,10.24586739367679,8.604248091687566,58.75088799824272,32.63251142768104,AI/ML Engineer
79.24535099373907,19.108605981399474,43.69611772480853,4.0,13.87570120224962,4.21166392335275,72.0443575206683,44.793054066577845,AI/ML Engineer
36.17319194582917,64.1922525634063,19.044969273981376,5.0,67.73334616218658,8.648969655495684,46.72375639694974,56.329560250782706,AI/ML Engineer
51.26110869553619,20.65852538165924,45.98551565580564,6.0,19.24269421438797,3.047703666030976,12.57979365216618,25.92294821300292,Full Stack Developer
59.126554031598,41.45217233576408,13.098513557866898,1.0,82.30455870885744,7.65298156633196,79.02640735872151,55.80339967994667,AI/ML Engineer
5.343031300707866,54.45599030400241,52.89314879643214,3.0,82.08758255513224,5.715698875087173,21.123921160205885,30.409235570828663,Frontend Developer
45.92561257476786,18.62082436663718,79.37172275184236,6.0,32.26912848675678,6.951787369787822,76.90486619369035,50.28015751414958,DevOps Engineer
47.97175184529798,39.561939358693735,11.19417703886067,6.0,11.700400927855394,7.20832420465006,67.02694206803,42.71559349614923,Backend Developer
40.86962389120079,27.36298222364868,50.39849624582592,3.0,24.59750802899032,8.471777763203999,69.59157915666634,46.466108006130774,DevOps Engineer
39.353146422505155,46.266833620819874,78.31104616168986,4.0,67.61532724706065,6.5236530515158275,80.33085958332833,56.364995459107405,DevOps Engineer
66.28130727919545,14.982413344386039,51.89082414423848,2.0,91.87502876484236,8.015226548681733,64.9792381757642,48.0703617437497,AI/ML Engineer
20.935743059726793,82.0631972011695,10.244147664265876,3.0,31.472160314423327,3.2046737301622215,55.56110514804984,39.12214777780863,Frontend Developer
81.63126166059047,46.90404961909989,38.23628867894459,3.0,72.73382347214847,6.267522283762135,35.32867179230511,50.630567558481786,AI/ML Engineer
81.0152989709268,80.5015071182545,29.90670681286833,3.0,53.988563874483944,6.690285204381196,23.73931508706548,53.62217883469704,Full Stack Developer
74.53001903684576,58.7574177105353,61.726273201105286,5.0,51.910244343658995,7.561594005266187,19.850560074399592,56.20226159578591,Full Stack Developer
10.327755392767711,27.72535928795989,41.6470883666063,3.0,56.10358948057891,5.266299051480686,36.165293710446456,29.533420930077163,DevOps Engineer
33.1761926299692,58.25024109462138,56.84941624693518,1.0,52.611733661989945,9.552102285755163,67.93201927294241,51.01548823731872,DevOps Engineer
71.70422102109721,67.27877375427845,58.40689846514293,5.0,18.424918686529484,7.556360306563405,55.608237816449524,52.26635223065451,Full Stack Developer
66.98737247429386,60.293546396756156,47.27248214961426,4.0,38.980487473086484,7.253185624875483,45.100202203965814,54.90017130298563,Full Stack Developer
71.08036585016963,41.65236258934457,31.00796326558512,3.0,7.550143181615391,5.8954227921687785,80.1448815057846,36.42535318652938,AI/ML Engineer
40.635324734690144,21.900600340930982,22.09276446360611,3.0,45.629273074637524,7.415258417403741,86.49409743544697,38.13128778495141,AI/ML Engineer
49.95417398666272,59.46721163719718,9.744018857507388,5.0,27.06937390081411,4.579604531474305,45.387616812018734,37.890693818733666,AI/ML Engineer
51.34889868132688,55.136969052317966,7.754263186362468,7.0,80.64750005402793,8.462874166296931,75.6870105413644,57.941253287968976,AI/ML Engineer
28.26320585036904,31.032423808326026,39.85457573305282,4.0,82.35769489665189,4.899567378883818,53.39065348779597,46.7455852014409,AI/ML Engineer
52.144245626411475,16.871369234938268,69.61996135560676,4.0,55.56749624723258,3.32060572980434,72.14674528406238,43.26660266556734,DevOps Engineer
48.70277129526431,51.54220509601615,50.28161967297618,5.0,64.12575740941986,6.712659511302039,36.09703844568599,40.86531789451098,Full Stack Developer
29.3611008593396,21.059018852537342,69.00325131803346,4.0,20.536233289921615,8.862041550320788,20.295796984194205,29.48847317107897,Full Stack Developer
82.85351089710436,30.071791866810894,44.86681790487743,1.0,34.047521527275386,9.384156765079993,13.719942999078391,54.753761829660625,Full Stack Developer
46.071984252932175,57.093600230994724,3.9433137320685403,1.0,46.24902794084092,7.8961237769420975,66.72552536432572,41.481183937315585,AI/ML Engineer
34.05638187909568,18.648457790399846,47.897088838364695,6.0,56.3319964689522,3.7047271490340843,43.18629472576257,45.48796502286298,DevOps Engineer
61.15967199439811,11.765264360463068,49.393920422344245,4.0,40.344972817584775,9.2474149202045,61.84188736222037,49.9267788980394,AI/ML Engineer
39.865639106662066,9.047167212690391,55.594607300771116,3.0,47.64574305501692,6.569841181258328,52.029567580716765,39.209071468318754,DevOps Engineer
61.61102998486423,52.795148531484756,9.51437435636241,2.0,64.28648355274247,5.128540654775239,64.03246801863402,47.00482875462498,AI/ML Engineer
67.7138444248941,53.14691818611925,32.737403339099465,7.0,73.66976494991184,9.282377860847538,80.80240237850836,54.596965637473026,AI/ML Engineer
70.6882206855655,33.43408007717746,39.36059633551655,2.0,84.7815039770308,5.667171919363312,70.07636750666522,49.99460676296434,AI/ML Engineer
57.217461194923544,61.41082948527973,38.742893711939416,3.0,45.869582074248314,4.6759256073009645,22.454999426090534,48.6584620879754,Full Stack Developer
90.45727743575344,32.27980914447583,44.299244745736225,3.0,20.137455067386973,2.4866201616045354,13.60813918423294,41.677384483659374,Full Stack Developer
91.49545326692954,34.19688549927133,45.56424527477167,3.0,55.38740802266925,1.3756280535894214,39.32547317294948,52.03929225356252,AI/ML Engineer
53.45447311952394,30.713340162822426,38.939840579124564,5.0,63.491755622649116,7.027614815683111,70.48361731079434,53.069013297001696,AI/ML Engineer
88.29560074014712,8.2511495177337,45.56203772470362,3.0,55.2510420296649,5.517133927356914,57.1263695328995,47.82126239803035,AI/ML Engineer
54.85310302007377,26.98377163892298,65.22300580533043,4.0,17.352916595671168,5.630589201376263,87.85839465490213,41.36220801025201,DevOps Engineer
29.415088616388037,10.885743446953553,44.67910594013277,4.0,59.07092394419509,3.2714854566370106,52.993979934190236,28.53307154999229,DevOps Engineer
24.368650881225996,24.78308859737478,51.16148294429658,7.0,38.20934270901661,5.285125861800198,50.41439172245874,39.93467961907088,DevOps Engineer
66.80174638975164,55.73350791968066,24.48109734101299,4.0,53.63433954942671,6.668185341979923,31.443673475481663,53.572324163303634,AI/ML Engineer
64.5227809725678,6.7018316272753635,16.055509026649343,0.0,20.037447643045855,3.715893048692756,33.695437328493874,39.221065399631435,AI/ML Engineer
76.29742861915392,26.358501819126978,10.72842393229441,5.0,14.120559754621775,9.36559821520513,26.57613551412346,42.152108018938655,AI/ML Engineer
69.49307345303951,25.796546136687247,4.415846092037104,5.0,20.373963876260063,6.859098368458868,53.20067157190655,37.786989786191356,AI/ML Engineer
24.967665608017427,48.743625040740476,10.303484165486745,3.0,40.75803907328327,4.138391437956306,7.951060584775267,32.022442943726546,Full Stack Developer
32.629420837376095,19.75032425399631,40.94279423459584,5.0,59.777802620384634,3.874703668146176,83.58396016403098,36.32963612634417,DevOps Engineer
60.032115182618085,53.68915204619865,28.449268313648542,5.0,80.35662744198886,8.94391179477411,92.01155838874287,53.684654973808506,AI/ML Engineer
94.55038149922585,21.93730587665594,37.34001940850138,5.0,20.47376765319685,9.798326741081391,53.057205284715835,52.09221357578839,AI/ML Engineer
94.40455451475736,58.980507400377135,90.98381467795757,4.0,1.8937527381523502,5.541359089996158,16.317632848887715,59.97517415658042,Full Stack Developer
64.82024796488507,51.191068479242794,86.22193867047285,2.0,50.49609645756464,2.905138943031572,85.0468303542485,57.728923024000125,DevOps Engineer
37.39778208971272,40.83080907396045,60.610063540954265,1.0,30.283075565568517,7.04011858278491,54.056934248541985,43.6128761322828,DevOps Engineer
32.13616905731911,28.69189365031503,35.90705087860797,1.0,38.242538522838046,3.076580916987843,62.60072143008588,36.92092110205721,AI/ML Engineer
31.868609428699063,13.834325105063838,31.800249987946493,5.0,53.582577679054225,2.9452735534918455,88.11761161131959,35.99519464558889,AI/ML Engineer
24.74531555208115,36.033939191582135,68.79726405241973,2.0,69.98162501465299,5.676042710969576,81.42972144260193,46.31048173581973,DevOps Engineer
88.58413889202636,60.043073598077775,72.06626327515684,1.0,88.40015234422648,4.741625599517285,34.90018718781565,58.88331654111373,Full Stack Developer
34.79721253061512,18.331387890543187,42.171349495996225,3.0,70.89864657618233,7.6544566688108775,70.2378098047259,43.22182066009003,AI/ML Engineer
37.864617100604185,61.13018676621332,22.01300021476697,3.0,63.52619607610856,6.137199658103785,67.12801894515749,44.662418488687564,AI/ML Engineer
85.8385941331444,63.14911026741273,42.69125806117431,4.0,42.84012921239725,9.10863796554126,29.700448967833914,53.9047675118091,Full Stack Developer
11.083964405411528,21.036392141595364,25.99059000386365,6.0,59.5563828451495,6.579183949949182,55.699218181582374,34.67881028254205,DevOps Engineer
65.95397446683467,40.735170135511716,9.436183726911406,8.0,26.22866927113914,8.908564471220707,92.01417534994376,50.08551471567901,Backend Developer
35.399675312118916,76.08982338944823,69.9901725682188,3.0,39.5053179976156,3.96946102307568,53.204796102596966,50.74892615265748,Full Stack Developer
49.96175750021974,25.48452574961487,43.46159326401811,5.0,59.127830432748766,5.129108445210524,31.552646692026308,44.96047362310195,AI/ML Engineer
82.3526131257624,54.377305147827656,11.31224110949412,4.0,71.88772134983002,8.968781061641252,52.971483422967104,58.18053215669345,AI/ML Engineer
23.277763307731735,18.463674457038714,55.95759881183069,6.0,23.063143364520975,7.765548889946805,92.37897945695133,35.51614606584444,DevOps Engineer
32.710481815508246,36.79898740282342,7.586888748047686,7.0,31.084944490317262,3.6238838718165693,28.509922737615756,38.73778681192806,Backend Developer
19.137474764802725,23.544268826393257,19.5884566293861,9.0,42.601610222365906,6.72819357429021,72.29187684724388,34.40569668234364,DevOps Engineer
68.29968940890409,38.69338672473694,64.83294310866785,2.0,56.2264951144268,8.891973047388126,43.04863835618494,42.304011493737065,AI/ML Engineer
35.00380192938364,59.41250380129305,36.30387199094115,4.0,33.53600691522188,5.770682981034491,72.0921672833747,30.346171512669553,DevOps Engineer
87.42715731146995,37.56284071480637,48.340401164891055,5.0,57.327155053445935,8.201385540231753,34.73946503596539,63.68256833767915,AI/ML Engineer
37.73007959555529,36.71365464427414,51.830666345042665,1.0,80.31109007409619,5.498994219211085,18.084855682570502,34.32977296874884,Full Stack Developer
64.15197843766381,19.706972298855337,80.25970265631919,4.0,18.835002179166228,6.422113406668979,13.896855080057291,41.23886992450063,Full Stack Developer
19.75285895683699,72.43203856626556,56.9166968483573,6.0,67.09687050655359,3.1316527873364706,52.240366638145154,40.69130694113812,Frontend Developer
54.14061622815402,78.35441655335892,3.489710599635902,2.0,16.46069231088041,5.3660614077718884,69.9230023250592,40.54794629437801,AI/ML Engineer
63.07603922872489,47.41109909846919,73.29606767460997,3.0,62.28007969382708,5.566482177772708,25.076903026329518,55.83852885209136,Full Stack Developer
44.34190413916361,82.61235700879897,47.3262050455755,3.0,29.968818985238364,7.407733726432121,74.1677969438142,48.49504144389056,Full Stack Developer
38.173673196002575,55.381502263944284,63.668743386162504,5.0,59.84987469180061,7.420470907060242,39.62575629740076,46.97122993139325,Full Stack Developer
47.52245619339326,4.661494426935274,10.015161364670906,4.0,27.184909020779287,9.432070660551439,39.748686264354035,35.45883354591613,AI/ML Engineer
23.10892296854051,14.614385497877603,25.501109023734237,2.0,33.25266343149053,4.32503032131738,22.977947935458,37.146501167978506,AI/ML Engineer
58.08853435289766,26.834589780334706,59.264832639700934,6.0,47.40743634221519,7.675759121616967,29.19554648102432,50.72755410652198,Full Stack Developer
54.68876206192298,51.01351169581173,31.452980727273395,7.0,23.246705821823603,4.7795411361250935,84.4923681480012,40.01388890393933,Backend Developer
3.97724432356333,9.356137649124326,91.30338637569476,4.0,19.080443020114657,4.634148865961566,71.28539995720342,33.97722280921775,DevOps Engineer
58.90717408939945,43.69787214091304,65.61183350824929,4.0,17.10740919943649,3.764912919631197,82.92698463482805,54.50620847471065,DevOps Engineer
57.009584250924995,62.06079954543886,16.079016736457163,1.0,13.134516723216164,8.277984393717123,70.06738992297207,48.644654807140945,AI/ML Engineer
65.04314232788553,30.2801416754097,27.240943920533272,3.0,70.1903149545971,6.751262132954652,27.18455695376199,38.82343203420997,AI/ML Engineer
39.899055380559986,42.29714198666116,39.2965112466568,2.0,45.37854358301769,6.437388784688091,82.60772596033948,45.34546681530686,AI/ML Engineer
58.954280510739885,47.83284345610948,37.676446406230816,5.0,71.3810688295847,4.673186858164449,69.53340216266247,49.018430339022366,AI/ML Engineer
17.75901511959514,47.6457508818196,26.978139143952156,7.0,26.200884028178496,8.366348705022075,50.31367300083113,36.59036988889389,DevOps Engineer
78.53722304926926,29.53750890459111,70.52086517894406,6.0,28.794028978921222,9.32029321153611,24.705453304527516,52.12386447543453,Full Stack Developer
58.28987843378756,57.918181799625245,67.2024786883208,4.0,79.30089743188815,8.638556020789474,22.876391765309446,63.62773314976202,Full Stack Developer
45.19689766699913,29.198013489739488,62.73801062888064,3.0,16.923082927083453,7.4365378372455275,48.93769487707929,38.70666925959053,DevOps Engineer
36.9627740057762,42.18053478205679,43.138800059192626,3.0,42.758088221625435,6.731016238966153,38.8319028611765,47.823105545680356,Full Stack Developer
57.27447448239778,36.41574469618701,32.50779898147141,5.0,63.171341509374834,5.008900448165886,37.00220683243401,45.297797174678685,AI/ML Engineer
65.33810784307836,30.68424240212842,8.062105263685332,7.0,72.32950938683665,8.40238461433278,65.96200899166084,48.61321108868087,AI/ML Engineer
24.6122203434035,43.697552636817136,11.784608494724438,3.0,17.98683713670781,2.3931585910099775,35.45710243311106,27.883167386262084,Full Stack Developer
79.27036829539394,67.44852152856718,42.16571650376397,6.0,60.42518106825864,5.3356616472759955,72.98317527575756,62.46680093520241,AI/ML Engineer
52.57674734686666,9.51192144659146,75.31273484642202,4.0,26.324674949559,9.147828484085473,53.119628530150386,47.098081087032604,DevOps Engineer
44.06995320714088,36.15547873893089,64.26947975439037,5.0,93.52469845292536,6.10523127060377,56.24897455242159,52.66920723677582,AI/ML Engineer
14.079119229452841,13.940566191844706,38.4477849136798,4.0,26.213696625556874,6.556830557262723,39.16727420394364,33.19479011517065,DevOps Engineer
83.55664815622947,9.400753456001363,22.570166898233374,3.0,41.16445923067328,6.55704010012108,29.414117770139754,46.80857282286179,AI/ML Engineer
44.628245494997245,21.529552363950476,82.4921275289299,8.0,27.033735348779064,6.246892892936261,23.385341258538357,43.24663673266462,DevOps Engineer
53.656257541740175,71.82417020680593,40.95649130968286,5.0,68.97111764259071,2.4204730654830846,36.95145799192692,55.14947152086176,Full Stack Developer
48.15982027400269,43.72469670931296,21.202258285315807,8.0,77.69157952718338,4.059799353726983,22.230815064614568,43.475284910375464,AI/ML Engineer
13.201682741247842,29.619221230548078,58.42760383366924,3.0,65.10925884533985,4.656861636732527,30.4553470077093,38.285759649869206,DevOps Engineer
73.79348332574216,25.93067145253268,26.044972318249947,6.0,25.83601006221431,8.490024937902925,95.58421853245018,51.81247622948717,AI/ML Engineer
52.99365220955011,51.18629659198483,44.04019623903472,5.0,65.5541719466306,3.008150927304877,75.28204058164837,50.44566303339145,AI/ML Engineer
33.54582445637086,39.79585858978098,7.708866366630184,4.0,15.31886077261469,4.965178212364526,35.6794156656469,24.448283610743083,AI/ML Engineer
55.0612627811257,29.41867576615238,28.070521113991187,5.0,9.144890257237234,5.397676262843023,37.287169944749316,29.02621437598005,Backend Developer
35.096894065573316,13.244330057656075,70.9165520691601,3.0,38.67709709986813,5.0455673497529085,75.42606454114508,39.64647728353182,DevOps Engineer
47.77164924873322,19.78839978880024,20.01443251729766,1.0,59.77435637441718,3.546309526971474,86.08756583524313,32.60026362956825,AI/ML Engineer
63.65690953122455,70.90869249571887,11.612108201125617,5.0,80.64740988408337,6.074503358121584,28.903928959213086,59.226217439182314,AI/ML Engineer
33.924104598997566,43.66635815228681,54.25831137441115,3.0,8.087554316739604,6.969186222262761,75.16393360277004,31.249738924816015,DevOps Engineer
50.47631096819594,22.75645596653918,72.05037008435087,6.0,18.33548967627044,5.617387718083153,13.97068706522559,46.63036861385002,Full Stack Developer
81.86338423784207,48.33368058528335,34.982895920994835,5.0,28.671458812161205,6.855684568801479,29.673998063118223,50.77494987934077,AI/ML Engineer
33.453540598727116,58.08459949899776,24.464383177357593,1.0,45.749901589647216,6.194808811176266,28.751585103604615,34.373449024847055,Full Stack Developer
33.276307099550216,25.93231622403947,53.78316443375196,6.0,89.31877997064244,7.725307324566729,86.42418006165347,47.76062990454639,DevOps Engineer
42.89902379744926,32.05808627507885,20.28586731762278,1.0,45.645271049108835,5.549234990032206,55.782379370520516,34.84651788000043,AI/ML Engineer
14.603996911317733,35.660721136654374,23.633319908291654,9.0,52.441649624652854,5.6757834304908,71.99549532311876,38.385077484429495,DevOps Engineer
87.06749553098217,17.426877747948424,75.92477990100738,6.0,65.54523879601823,5.279400729334238,83.2325871947452,52.78753125848079,AI/ML Engineer
25.722972725054426,43.16725117412115,79.29252857601222,4.0,66.65063101488683,7.4550851210934574,35.86444942905692,43.40851041538053,DevOps Engineer
88.82610681359606,19.144220182739723,68.6278006904717,2.0,55.63924445979912,7.256953897263272,64.49834229375485,54.53599783236944,AI/ML Engineer
20.440168376150453,10.690568058840897,44.02731207840876,3.0,61.64542685417901,2.959040215464381,46.020094522963014,29.705472708096075,DevOps Engineer
50.016638606876604,19.131569789539395,65.55665393606105,4.0,57.29531091675527,4.327832335545235,56.61703679920955,47.499424952518076,AI/ML Engineer
57.55803130170214,41.840299729930265,14.094690605870936,6.0,2.7440898882362696,7.11456783220033,11.934191262506811,37.34082756582839,Full Stack Developer
56.16671182648285,21.6046042309985,37.74920570026827,2.0,44.88434412885865,6.069870613452478,75.93708262887814,39.67693871720401,AI/ML Engineer
70.31615523967879,32.82970486277752,35.84199641002284,2.0,57.49092892370622,3.5126090347294014,40.749249169137876,45.87724164320903,AI/ML Engineer
48.88225087660339,36.14293799156991,5.492879369112936,3.0,66.77139780146179,8.041872708591477,46.82245723348667,42.999207272608665,AI/ML Engineer
41.5182970797524,14.121797221578857,58.98073977567684,4.0,61.95226466865877,4.134478888630687,44.186043992436694,38.42901282170249,AI/ML Engineer
63.67387758879999,86.46123758310908,22.081728811702007,1.0,27.099083858742603,5.203921519504469,29.67816599530399,48.35698046247501,Full Stack Developer
62.836233526167526,29.730254216556258,63.62719981565047,3.0,35.7182676685187,6.287232908874363,84.57568401984047,37.81527303987392,AI/ML Engineer
46.81068166281432,55.5578992648975,53.06883432802451,3.0,12.637219648326187,9.379409888134752,53.70650068296805,50.9023176881765,Full Stack Developer
76.24636714896022,34.43113887325513,72.04198574428979,2.0,13.299384721102856,6.33412573323684,36.33069422373141,50.63943653160635,Full Stack Developer
47.39436414396724,58.92575096035443,71.80724201016382,7.0,58.347220434347626,7.662564312431367,48.13659337618237,64.21621545532973,Full Stack Developer
50.89246024187496,60.318442415288985,70.8986308058372,2.0,36.733097741011356,6.430595111275056,44.779746494468064,46.5463968553806,Full Stack Developer
63.916725561793044,43.13811510403745,17.35691111326271,8.0,81.13958026075706,6.00238805404635,56.04056674234289,55.04319434602698,AI/ML Engineer
75.79581184257499,9.307366473731326,38.76048014954351,5.0,21.767164896783246,5.09056990045416,43.088108434167985,30.109632099116862,AI/ML Engineer
30.029045439833812,71.83938974719426,29.610866783531247,7.0,12.43106248786222,8.528976271047775,32.37236146160123,33.00086824568025,Frontend Developer
35.62507233667877,22.22885816053567,19.24237221607531,1.0,74.84149153180314,8.626024016738569,47.15013667558762,37.76341062433105,AI/ML Engineer
70.98806450866397,14.176375580776652,17.816708131811883,2.0,37.16572768646203,4.670605406803429,54.85078813979506,34.34946801172224,AI/ML Engineer
71.36507293826193,56.80518008691692,44.95761650684935,4.0,37.043513338148934,8.125178404038449,72.0038011324577,60.46454107218597,AI/ML Engineer
70.14756309582378,40.74339759945681,29.361690435270805,4.0,3.864415866314835,6.712799259957349,45.64797866828106,47.55640440122051,AI/ML Engineer
28.19824642727141,39.266297955462235,56.47628267492713,8.0,56.33825246043182,5.886458385729116,77.29474028552423,51.99435583573602,DevOps Engineer
51.352848271746666,24.85626526580036,58.97465762319267,1.0,34.221413654420665,7.243761383200273,57.17881063275422,45.381033223170476,AI/ML Engineer
16.944017896423848,62.19652922656418,7.147732345749843,2.0,18.397353530793783,5.599949448851742,54.30710449844154,33.02742525981559,Frontend Developer
22.70324661623853,16.32588218485995,52.12842211860601,3.0,45.67052595480015,2.232823248718785,47.47051048946357,23.3086873236543,DevOps Engineer
76.2156566553223,39.72910764399317,11.752392191716096,5.0,67.06525331544947,8.259454841628411,61.58731538612998,59.65971261898266,AI/ML Engineer
88.82531265172582,14.148262366121598,69.86756675747635,5.0,36.06483757043327,6.186772267716498,43.982674098526466,58.07120793858694,AI/ML Engineer
63.01052254761248,57.055272910829935,73.74391426562367,2.0,56.348811503251525,4.954494954933157,64.79115107354382,48.97194399876895,Full Stack Developer
49.59355063333331,81.31807942583524,25.92415806967367,3.0,58.84906920246913,7.112539670161496,92.22434910997909,56.94198018352468,AI/ML Engineer
36.59481775447816,48.633188454309916,20.17422143430707,7.0,7.067587431874965,5.575707574914624,46.84469975427991,31.64598647790969,Backend Developer
10.983618412734073,19.394563173019563,66.84269884821994,4.0,14.65711371562555,4.958009046591976,64.97753290544382,38.304751009872895,DevOps Engineer
89.54203354488583,56.254357979863165,78.90296054353566,8.0,24.206111146539158,6.370844062959653,25.724552710683835,55.884750877214344,Full Stack Developer
72.56475111631394,29.767347146617713,40.4092903476658,4.0,19.95432076889451,5.728241693003451,93.77858838199981,46.02932742062515,AI/ML Engineer
31.61666867915221,22.954941698494036,15.160009637871976,3.0,42.351733879386195,7.164561464333445,18.76221649533998,31.654434948539723,AI/ML Engineer
59.561270993671044,32.33228693653844,19.066059845471948,5.0,65.41147327773237,7.929029450608787,20.310196877514784,45.206169432593036,AI/ML Engineer
18.623879148025676,9.646446305249553,30.745323534353712,7.0,47.174854002279524,8.427674858232129,56.015661095744164,43.74352237023544,DevOps Engineer
53.563207832179735,71.89016331231541,35.965765337430014,5.0,54.5265295566817,8.724838825009037,90.72246554716679,65.55890662318234,AI/ML Engineer
70.95226863030209,34.906480468272186,42.8024767713528,3.0,54.73753664989837,5.03179895260164,46.46242747293277,40.01727241770544,AI/ML Engineer
50.100700335791885,44.73026390966931,57.533306042266716,5.0,45.31288709638634,8.042299790728608,17.069758844540814,50.729564994966736,Full Stack Developer
56.84894602583013,73.0509848574029,8.034987480934946,3.0,29.61617262953999,5.253370100643544,47.92169246558979,43.56281215195193,AI/ML Engineer
32.021248272039074,69.16701826561804,44.32731920065683,6.0,18.148265443855344,7.287949095681086,59.593391298494055,48.64913198938443,Frontend Developer
84.06330958852313,25.887607097749697,9.22241936881675,1.0,31.438200763247302,5.932372927310977,40.46261062273578,41.81242543284733,AI/ML Engineer
73.776828012946,38.92042430929217,11.819666702315306,6.0,70.71716344100406,8.248888196285833,46.577365351847746,48.123535966375286,AI/ML Engineer
43.74709464853802,21.848371339452495,56.87051781678913,4.0,27.93650348269149,7.801759520484555,70.81389520656494,36.182483370852545,DevOps Engineer
36.555213883049575,62.24143297709473,33.44137332003262,1.0,7.686585124191997,8.760273376881171,14.62507092514002,35.73827777492941,Full Stack Developer
82.5098080631732,68.9212816246777,33.20715346199159,1.0,55.90279654918571,7.463048093051814,22.31243288961791,56.2541789726363,Full Stack Developer
61.48822992894324,10.015301100803496,41.77136686477531,3.0,8.251403641304046,4.139612463826352,58.604510130720264,34.41790985590579,AI/ML Engineer
49.258566866129485,73.10560014099968,52.711779371759484,4.0,32.47497132276072,7.301139452778331,11.207080133352472,46.722486589528394,Full Stack Developer
19.20642425388597,17.419106093387832,24.873760614686997,4.0,31.26174104438514,7.574978195257886,31.79568987894298,36.40038419044329,DevOps Engineer
36.4888682189204,34.01636864125348,24.421311441488104,5.0,37.74586737464878,5.755685918345637,73.63160161433788,39.864106195842,AI/ML Engineer
79.00092425284745,12.007655271879699,53.45913075681181,3.0,20.867848059006093,9.528263291526386,52.050911185349726,51.30140418708806,AI/ML Engineer
8.47489186704923,46.41781740159321,42.238356835850226,8.0,35.999750660459654,7.028684369775101,22.790538355790584,34.61256174378649,Frontend Developer
11.533129095086213,17.185398970209878,87.83011219478266,5.0,41.78419550591983,6.540435107846338,68.10793151480739,33.02070661915236,DevOps Engineer
37.93031292027326,28.550396922572972,32.56271136678415,8.0,6.479999983887268,5.709282681635295,17.726236798437807,36.06136287352855,Frontend Developer
42.55484388655289,36.13296022624375,74.7674832688738,4.0,15.597086026228524,7.593058725706151,19.37263634348439,37.014356893548964,Full Stack Developer
79.47724420046792,6.95485450030696,60.75683295179511,3.0,59.51953681464842,9.314297771558731,11.642388672240065,40.58408482881268,AI/ML Engineer
39.0943833951106,48.74434237677506,51.75701161646459,3.0,41.693981223192594,2.899577510518194,41.54441751057208,42.845026743175495,Full Stack Developer
62.16715553192167,4.391427361893111,70.71568149378606,4.0,53.527328107394325,5.975287188247194,83.18001120347682,43.4127477604478,AI/ML Engineer
64.55237230522718,27.29529280589771,80.63146043077695,3.0,33.81929483532251,6.5262101799756085,32.99801482655505,46.76956834047101,Full Stack Developer
63.58474473502761,52.740091003668944,11.817806962705427,5.0,85.84589309578483,6.32881577234727,40.49976109876571,55.417508531639804,AI/ML Engineer
73.14574469693605,59.43150920782192,1.8270369353606986,2.0,23.34966775891403,6.654598663269031,31.37882624397023,38.520888613050744,AI/ML Engineer
65.77101043918286,28.0225101938233,15.912309223407343,4.0,89.89316401862273,8.529416190957642,45.29300821751547,42.70110771251711,AI/ML Engineer
16.56162496774752,15.928134764832835,19.927040786769467,6.0,17.661291480581614,8.417538520321614,41.21762442981309,32.5398209877279,DevOps Engineer
45.80013392336931,41.58776903964811,62.04894904901882,2.0,58.163223401044306,9.33668520854887,36.419201497726746,49.66551564239229,Full Stack Developer
83.825510209097,50.8788412829162,47.862079608999636,4.0,63.61895661882296,5.122460760831929,76.03830933016954,65.0654001842377,AI/ML Engineer
77.32894835102022,48.418440913993685,50.138353246195656,5.0,53.997041529284196,9.251406365892649,51.391985898472534,62.08790465392262,AI/ML Engineer
44.10611862371854,36.19471974810167,32.46939267213698,7.0,53.13595961269392,4.306325355221981,18.22511584348149,43.10209239709065,AI/ML Engineer
76.49782433674794,64.75846390904269,31.907495169095125,2.0,12.789071469267949,4.590223596301667,75.08292110964395,48.94217857096129,AI/ML Engineer
37.15382071374626,30.38410356665097,36.79508654490938,4.0,50.45751389053032,7.492593763006287,61.641106821563696,41.840848410107256,AI/ML Engineer
60.21406530858506,32.53632785574918,30.351909819621937,3.0,20.837435417896277,5.579914796543141,51.925779468374465,44.58794128993826,AI/ML Engineer
40.845273456145584,31.05692467623815,20.573461995354116,3.0,36.296254871647314,5.8190118294092255,30.206114500432417,37.854838276202045,AI/ML Engineer
77.54496586044631,47.82344598531152,60.149666395675105,7.0,40.615217306813086,6.292738192844542,68.70951417252171,54.348762422289944,AI/ML Engineer
52.4695196563613,34.47028666936258,78.56681136812136,8.0,64.45980729596977,8.06911704880939,64.68982024243091,59.234042262343806,DevOps Engineer
57.79001388442645,73.78750619516849,73.53438415416686,2.0,20.066956561852734,7.692914809772428,73.94525097444931,52.53866606256944,Full Stack Developer
18.499051839285865,67.98572828122933,43.61782950035943,10.0,7.6583378300493665,3.61898488715747,39.53236309624122,34.94590651326226,Frontend Developer
75.95431795265507,39.388620087988876,4.822332774911855,4.0,64.74829861774873,8.648934985290554,24.80949698249854,52.033222437280024,AI/ML Engineer
40.458613241700135,8.605879721989494,46.86952070075371,6.0,74.97303675490222,6.00527670871509,18.95200611922587,36.89290004708282,AI/ML Engineer
43.213319636324215,69.83694739413632,47.3776231983048,3.0,67.11872487723211,6.142646078906498,41.26256704309827,52.389010632929555,Full Stack Developer
61.741054478109405,53.279981684617425,62.65570075486085,2.0,53.607282812749126,7.794273274114857,50.338791840480056,56.7424329138502,Full Stack Developer
80.08447659159279,11.494091976123475,62.622021658985126,3.0,63.51265860801698,9.437377176544429,36.62933959227292,52.31231213622849,AI/ML Engineer
49.696159776964535,57.39567672720496,27.10224152583684,6.0,56.84874579448563,6.54625231517124,61.13421454043705,52.69720551690303,AI/ML Engineer
40.17083495989043,8.245586397742374,27.043533084085304,3.0,71.9365418740862,2.6370351862064974,31.808280148306572,30.06895788369422,AI/ML Engineer
45.61543362550881,11.385900670513449,16.382332290083262,6.0,63.934922172058485,3.983827148117429,54.88489205477055,40.169851205590646,AI/ML Engineer
63.5844547856597,31.54208814159422,43.98668214281659,4.0,22.979159859562362,8.057154247286986,53.48887086743561,45.63448513531122,AI/ML Engineer
70.9910902773146,93.1220616398674,31.01050232917324,1.0,44.119096499325714,2.5508816141526705,40.92760638071608,53.60311600428883,Full Stack Developer
67.20191491269566,21.830235509282364,30.354248800915034,6.0,87.24533826852344,6.4417982558439215,34.287942893859416,45.46888489854311,AI/ML Engineer
37.355950695676924,69.47711768029669,55.451324987524394,4.0,36.88725692758094,2.2188590008648346,51.07968595286355,42.684922767118515,Full Stack Developer
76.12722608778397,67.3162209765244,45.249022491812035,1.0,53.89690264884068,8.786932567431302,44.97279271895665,59.87679376798346,Full Stack Developer
66.0042456914342,20.270838794076838,42.918242814002035,2.0,33.94749874278482,8.227965551418862,56.108260947143705,49.240573049792886,AI/ML Engineer
60.96644798565186,47.64231305706335,31.837680126074098,6.0,74.23834115362476,8.200179657489167,38.0922493681526,52.17784824002803,AI/ML Engineer
64.33303766253637,70.80985797014047,54.86138167613039,4.0,28.225132563515558,8.050781245398312,56.03246341311887,60.664157303283794,Full Stack Developer
62.59071455917095,53.11728277709226,28.84483725681933,6.0,43.715959442264996,7.344746751068022,68.92978179094696,47.16838261515482,AI/ML Engineer
65.3178212134056,13.039717891950897,28.335878521063773,3.0,5.570730895550722,6.718867730808112,37.30003655669089,35.77807468988493,AI/ML Engineer
60.704823476469606,8.664486574606933,25.36143412065955,3.0,14.041022509193308,5.286918200227005,6.028539123491534,27.373936943293955,AI/ML Engineer
21.161382624231766,61.87595132652155,85.8526528557921,4.0,92.37762561196176,3.4868702021570677,45.26023120179058,59.87080540950687,Frontend Developer
19.46998598199105,25.992298789405815,80.46113296384621,2.0,61.94784021798533,9.220217482313844,65.42663536692586,51.73722703018007,DevOps Engineer
69.65496120343067,45.78697346793283,9.272764745397655,3.0,30.786671833042966,6.646137889248278,44.33691131077722,44.3715677152161,AI/ML Engineer
16.05517717966725,26.103759502724504,10.113370275700053,1.0,28.936398296921123,7.7505157373515265,75.06962410151563,24.420647904696068,AI/ML Engineer
38.05556539978745,28.5706238173354,19.848309847084092,3.0,49.321874153114024,7.139820503032622,53.302681315289526,29.323627597837234,AI/ML Engineer
63.59635352003497,30.745533421360694,9.546945486676606,4.0,66.70846445519052,7.232952174436743,28.288316035971985,46.02532910504294,AI/ML Engineer
68.59370527170114,22.015340080868025,5.455162538411015,1.0,7.579487511830103,6.106604667127194,64.83029170046069,34.39249855146161,AI/ML Engineer
56.42615754133203,49.004371425804095,63.0586752236908,3.0,44.63977247343207,9.303113034454066,25.463072479439585,56.4292465442449,Full Stack Developer
51.30672925918838,54.44556704951624,10.563333418112913,1.0,27.05896119862434,7.119335171718624,78.71601909133007,33.58246379890617,AI/ML Engineer
34.60408077119714,20.41585801968893,34.624392661250084,4.0,74.7927739964328,4.365092142107267,19.365551091138673,37.1877328523994,AI/ML Engineer
95.88698733155286,21.311456433278476,89.64435444251518,4.0,15.86584386605067,4.119222851430831,9.221779086595825,52.785808524051596,Full Stack Developer
58.40788623329701,64.52006582187747,34.6018096625674,8.0,32.44412546932028,2.81684942110504,54.114674950781506,42.575605400807895,Full Stack Developer
88.28658578002091,19.231366027925105,85.66794051102636,5.0,20.985289405285705,3.88414446571228,66.58318001630477,52.2118353197245,AI/ML Engineer
12.294053904206702,46.772419946436585,29.357665206365724,5.0,47.72957466869306,8.62246836172732,70.00759211498205,34.97918647953663,DevOps Engineer
20.469733024781736,70.69878649833427,42.98420877865846,3.0,9.250020404522338,8.468832913815898,23.161342935559652,34.09245681354381,Frontend Developer
43.47593048395902,16.88336368191994,4.860243359150155,5.0,44.32655403472522,7.017084496877142,23.045741803038446,29.640020632363548,AI/ML Engineer
73.00773231261837,26.263684957299088,93.00680836793514,5.0,31.60007056401334,3.699396122806106,22.50746317903919,48.18997944198782,Full Stack Developer
57.75148732190558,25.56178083142548,22.93836804175597,2.0,37.73132486624839,5.020103871773004,46.53802072498784,43.19136122723736,AI/ML Engineer
32.686403440191285,30.18075287758078,52.73509345761931,3.0,30.507252402215663,6.045807056083516,42.35256118955178,34.748681654895265,DevOps Engineer
66.68467655216635,40.60145314441205,59.64195774778228,3.0,27.068405635695104,6.116644334541749,49.5808617124877,43.66444512413833,Full Stack Developer
32.91955760133472,24.488171666162035,47.96184789866788,5.0,27.718522862925028,6.6227990611051535,55.6549096585401,40.4495755390835,DevOps Engineer
33.58671834135727,49.80596049271811,42.64920282586987,3.0,35.83603690931418,7.674959459915143,77.48696098508748,48.318408843619,DevOps Engineer
31.198374929009905,51.94309708849541,53.621449964661984,4.0,33.70413889999916,5.275946482620805,74.14438299151502,46.3674565698465,DevOps Engineer
47.387430463028274,36.371946199715836,25.39950478161423,4.0,11.22999097197833,3.113788327823084,31.94599584733738,38.173095866306255,Full Stack Developer
43.70166534538474,21.05390344814502,12.955269815184723,4.0,23.50605486874809,4.895190282453309,27.748183562150174,29.84929339557794,AI/ML Engineer
72.76606055159256,62.6627284715494,65.05063300186595,5.0,13.120490099201657,4.449149632715253,31.123304051992584,51.73307487064265,Full Stack Developer
19.09362453262299,35.9238093031335,47.71664041783517,3.0,16.503092246327537,8.059740226157379,35.58545608032952,29.410766716474853,DevOps Engineer
41.21630844894641,10.76518896719994,45.26766829588541,3.0,71.89738463419408,6.104855634002902,30.520453528705655,46.15784446340587,AI/ML Engineer
41.93784046344075,18.18451166950027,28.273170523989283,5.0,29.560127035871233,5.092174112708286,73.42319156684901,33.598870860182835,AI/ML Engineer
74.4969750499159,32.9756207194883,50.904627182751916,7.0,48.177878310076295,6.483691968313695,58.019170098698645,51.44852959234292,AI/ML Engineer
64.80399584370606,27.82913359416574,56.35119275570123,7.0,35.70440162616467,3.735335694438196,55.95572663417825,43.64324663728654,AI/ML Engineer
78.50618387338136,20.494509830592648,34.417011571916014,4.0,4.72266737316232,7.331351334723321,13.344287762343088,42.7778333757666,Full Stack Developer
32.12643487593931,31.597199226459992,71.16839991120017,2.0,17.497896380364164,8.50994184063364,41.97145743289549,39.67723255296679,DevOps Engineer
80.08997832357483,17.849500698465317,82.01248578753145,5.0,40.414765259700374,9.195289252707262,44.934838314084885,56.846022260548324,AI/ML Engineer
58.557653458920754,40.10970881278726,68.72950262059238,5.0,17.305143136663865,7.4540339389309915,25.733756869274433,45.18459913289567,Full Stack Developer
36.1570700017049,30.20997199322179,17.33523541899634,4.0,28.81878879282175,6.925599775785345,22.131128278355988,31.045019713498693,AI/ML Engineer
22.846505578729257,42.05896440801368,12.40220747735186,4.0,49.4208271058948,7.5499981122134034,39.865085122338414,34.19979875075296,AI/ML Engineer
82.69567874682508,38.318990127037964,78.9663690985609,5.0,77.72881763031886,6.420299666607578,81.95654376213074,71.96797513619987,AI/ML Engineer
33.45642470688098,53.282372537165614,47.65378274602201,4.0,42.2523461461112,4.483927947007472,71.67356540652563,33.56794808858061,DevOps Engineer
42.23524235004142,42.98175974891518,21.825490646570447,1.0,53.130926034062796,5.677575032918592,62.746633516587146,41.95448830929558,AI/ML Engineer
40.884306563241836,46.4954534862713,8.330268235318801,4.0,40.59942757814293,6.216653594239131,23.785578790884014,41.7063659697451,AI/ML Engineer
57.744386795615036,43.90396470161254,9.678580354408464,3.0,48.07845811036249,8.112697098284984,37.67940218097321,34.184471833078334,AI/ML Engineer
28.500955983894414,44.11104531435882,39.12667485434889,6.0,31.603244909595034,3.6918870577364444,91.62532133707359,37.47269624673585,DevOps Engineer
78.24059410796326,47.99637620326867,45.71981860069208,4.0,82.78493224658315,6.0621137484605185,84.5041008892069,65.63300911756978,AI/ML Engineer
45.29237698821357,37.21396887674979,73.48098812987057,5.0,25.682729470970898,4.985262655091345,27.73871825002602,38.7478005679588,Full Stack Developer
87.13098521431718,79.553210401855,33.462563943984215,4.0,38.24530958498688,5.837139374253832,36.87609678750945,59.4732185806112,Full Stack Developer
39.774797501111735,39.33838427671553,61.92064588563532,2.0,67.15126756794689,5.333180617535955,45.98482972728755,41.14469620097111,AI/ML Engineer
69.77107654072465,8.945940727856115,27.23352035508027,3.0,29.91177302803218,5.699069160608678,24.01957117685821,36.36922508823757,AI/ML Engineer
18.898524933067357,20.769017497579704,7.540099832575539,3.0,54.43371509540531,4.718950942656893,50.08084155234076,33.28544487922153,AI/ML Engineer
79.7891991088843,43.9079345286271,63.627504868222985,5.0,75.76795086802795,8.560914743164851,37.65329188557714,71.0598404639874,AI/ML Engineer
90.0855661226696,36.91625778330822,14.376898313592918,9.0,53.91993925319323,2.8904401958736834,82.7086323086879,52.95122395733898,AI/ML Engineer
0.8561401718465721,36.16702821222171,43.863076985944325,4.0,22.0355367995152,3.90661428264667,84.71915885240556,21.0799782395516,DevOps Engineer
48.37654078967339,9.018545856220792,21.72826198247696,5.0,60.009992431766314,7.039212312622687,14.34851896756818,34.86286435678334,AI/ML Engineer
45.38245718105507,46.303673540590005,51.63869966171772,6.0,19.086293532940598,6.984676207249906,29.394535393071525,33.60365452005705,Full Stack Developer
7.399517626464262,11.774087648444773,30.28696042432026,6.0,24.630279926115087,3.4877397551523797,70.03100726831033,20.961641500525914,DevOps Engineer
42.99031674008502,68.47161903113766,35.7825284321721,6.0,41.8749301182853,7.830310300781926,47.65094688406016,54.126871281498936,Full Stack Developer
33.33904566219735,26.233090026488746,55.411718914261755,4.0,2.7249679937869296,4.0791258797828,55.12032582179567,24.322611511551365,DevOps Engineer
34.04059940501396,45.500971060898785,87.65929544110695,11.0,82.98032598498479,3.295718128831153,46.26621778075481,53.2799470811536,DevOps Engineer
74.22852504519633,22.927359711265304,39.26365730966885,6.0,38.31996000107271,4.8055646609862235,22.536605425746423,39.631601574353155,AI/ML Engineer
33.07856519720991,4.705163022477459,31.332499464071507,3.0,56.22828478692755,5.965278923302514,48.01651519508907,41.17934215913948,AI/ML Engineer
86.53593103620248,18.438969996418784,45.72270370686984,0.0,49.150948445616386,1.4383348183476348,54.84893632759843,45.72703866520725,AI/ML Engineer
31.182553990671142,32.58852895463496,12.634534171519988,8.0,69.70992947439044,7.9942519823175795,11.439891664482268,43.48312963175143,AI/ML Engineer
59.08938137470828,8.556578602928132,40.47063403982026,1.0,64.84596277068682,3.594748250833319,22.724958487207658,38.97512489075306,AI/ML Engineer
15.093542708670377,78.38025038726094,36.14593384771093,6.0,22.68002813952121,6.9133944508297525,30.33821919337809,43.508554656183414,Frontend Developer
41.9691184964604,37.21130430980871,42.473998557157756,2.0,67.34247618357084,8.72905714262021,45.85920856763616,51.83223361251894,AI/ML Engineer
28.863120673897512,28.22020565533566,35.3310358300742,3.0,78.10916449987366,1.769436297157593,70.22337198728316,36.84796853335372,AI/ML Engineer
53.66581206012198,60.74132512668275,45.452731976058416,7.0,34.07605547195621,8.284286001897168,78.69923543756273,50.55735275332076,AI/ML Engineer
66.89030226461321,32.409494336142494,28.578565003425005,4.0,72.86130840489109,5.807018922054929,53.576592400586456,44.23008841360449,AI/ML Engineer
40.6483399793577,51.31507956410343,73.37650325572261,3.0,37.59855884996491,3.9585391279863806,91.62360115897619,55.90473831376808,DevOps Engineer
9.873392337642493,14.66748457534279,47.532498137020944,9.0,49.98681157874652,8.618142134032304,49.96061492345773,39.74930759715771,DevOps Engineer
40.54825359591554,59.88366497222917,47.923631133657935,2.0,13.812594672614678,7.768013559150879,59.21990303177217,31.987229202322307,Full Stack Developer
57.28741369865,17.936378681248165,63.534280277541946,2.0,85.22988383309647,9.174273857438198,53.18495825927373,51.83415674564206,AI/ML Engineer
23.08787537104812,34.198177314635416,48.423459055763104,3.0,8.567967500512912,5.265379268221933,41.77252356188342,32.0947417596177,DevOps Engineer
58.22933116494846,38.71458746019038,65.67390097257294,3.0,15.81041670208837,7.639890975600858,58.810509711609306,54.96459517072809,Full Stack Developer
16.350081884393607,63.41998643301285,22.17072143196114,3.0,42.99965355744329,5.015349128069096,17.352050718383246,28.41664741762002,Frontend Developer
30.108150065842725,43.498297826295904,20.297247730238432,6.0,31.170694309357838,6.197360335995791,31.820794201432484,36.86704213251069,Frontend Developer
52.45766321318893,53.25394250525803,21.86209472624652,6.0,43.727747076077286,7.300212332459227,93.78148173118856,46.59431656446708,AI/ML Engineer
41.368946599537765,24.995362903817533,17.692366509982424,10.0,17.93875201213965,8.77199126948694,83.55630488836913,32.65112700696995,Backend Developer
65.68344950216715,56.26621583914992,44.790614829625056,2.0,72.87675308606111,5.448463232710673,32.64002470913981,60.13182447489078,AI/ML Engineer
5.134079585533765,50.48580629595607,57.72348171922855,3.0,30.887904614702165,7.7587627241957,32.41142373777578,30.730871563871574,Frontend Developer
48.98301460649727,16.60045085375207,18.95769860102312,1.0,52.77552338934262,2.4110263790933364,6.343619279242185,34.407953886328045,AI/ML Engineer
42.725474130000514,45.58683731971891,45.23047904154973,3.0,51.472172630901255,5.390380013007899,55.16311904890513,35.97974690975607,AI/ML Engineer
63.66449726577876,19.975066160424998,47.397982179640266,3.0,83.37948396619872,1.273672436455631,25.35325079607487,41.119025523493804,AI/ML Engineer
60.582565434826485,40.38323672961205,70.42447238551159,5.0,65.64474964835473,6.207897915865428,71.16867439303189,58.75917311562338,AI/ML Engineer
50.107836936656945,73.30338746128201,83.9715151235649,3.0,28.280753348661523,3.016162811933383,18.6022791959839,53.05564023888858,Full Stack Developer
66.8857348265762,46.058674146709414,77.03683714079494,3.0,35.83520781797757,5.046028961984118,34.8997214566142,53.33940008569467,Full Stack Developer
2.0623157043743556,44.1935273480303,6.4176261295817865,2.0,34.73920798126382,2.455029881975799,54.65689459356734,26.64277802295693,DevOps Engineer
22.472079784559995,35.33312833978014,58.761316433493626,3.0,35.23042788325292,8.490754381990373,72.74691007874287,38.96850041481569,DevOps Engineer
30.052629425707067,38.132322616851084,61.27940800009205,2.0,53.533700103342866,8.935625754538743,64.52287240406774,52.48529485871406,DevOps Engineer
67.79774252780011,9.944824089434144,64.37531604761502,7.0,26.94901775427586,6.04452517389849,68.72883742148875,47.40110317910318,DevOps Engineer
56.58806663008037,27.264557583919203,77.12594990392063,2.0,79.80331378175917,8.798548157644596,59.83424633105587,59.60361163613335,AI/ML Engineer
14.248432414771958,44.61573875496035,71.455042432888,7.0,1.6881304611273753,3.636047284785499,12.007823912556132,33.01113118422537,Frontend Developer
43.77523761189916,13.945055388749036,64.26134829824763,5.0,16.502758212585018,7.632014015833111,62.67537237510742,41.570399309483776,DevOps Engineer
57.41596939979156,46.366766448803865,49.263236424044685,5.0,38.30132379334412,3.5693335712206147,4.351529383476986,38.04321106322459,Full Stack Developer
32.334522584442695,44.20275432755421,6.459810762975908,2.0,61.483811814921715,6.414990284315987,29.10291120417096,31.27759441048474,AI/ML Engineer
15.036219921769423,11.986414182901727,50.27989260046518,1.0,20.082780540207388,4.8567620107126865,66.58582789480076,22.690878706248654,DevOps Engineer
36.858641934548835,60.7861825613584,67.13043475000265,6.0,85.34379166323842,0.7518199678833731,50.327771696446845,53.082822914018706,Full Stack Developer
87.1100547351077,10.964504093249474,10.549030015493873,5.0,47.78019488641751,7.807117997770144,66.68512889533648,43.418105811475876,AI/ML Engineer
92.44687602181129,23.1145228085684,32.31611566599558,4.0,58.561422144726635,6.816046136768014,71.20499987657016,52.262171029926186,AI/ML Engineer
45.696670821534994,19.370835391731944,6.107934707706769,5.0,35.54890557427907,2.962109089919659,68.82851620679831,30.0871899464121,AI/ML Engineer
43.28449836002325,26.738729226806885,46.36581984707603,5.0,5.473835774147984,6.246488800168931,65.47594423704408,43.05446123538977,DevOps Engineer
57.35812352606291,28.709850036500423,60.92251154530042,4.0,14.29015364182416,5.220919835758489,66.24704997152952,44.91060025479352,DevOps Engineer
51.9739390922109,57.094505848233254,54.817367878031995,2.0,41.604142361139765,6.668437681293593,25.347681872698352,40.50490587670161,Full Stack Developer
22.478950304583787,50.83981452752193,35.31242568443832,4.0,25.486495564034207,8.154428349983771,91.168963424962,40.41886280116482,DevOps Engineer
18.471141606823938,66.037808343496,6.000881947218887,5.0,46.3291818729148,3.6164781501486343,46.52697142473871,32.60057216060873,Frontend Developer
74.9416027304169,20.967446208699247,30.625618458581013,4.0,55.089490800316995,7.738240303156678,26.92358725596987,45.728942537324535,AI/ML Engineer
17.091850370525588,29.22533338342727,69.6257540717631,4.0,43.557220735634935,8.66228407496653,71.59029651339306,41.340496823773066,DevOps Engineer
86.74454476948016,4.334237389637937,71.04849896498237,2.0,20.469934319373586,3.920188387999432,25.162005909564712,48.08824493521815,AI/ML Engineer
10.207720435984184,7.994784230841859,46.88545274490119,2.0,33.446741025931495,5.040715986673927,25.738277767093376,19.46081913251516,DevOps Engineer
86.6272666119163,42.62366000690711,1.5211541891169593,3.0,37.057322352527265,7.031857938036067,40.582859935177105,47.5487379024742,AI/ML Engineer
37.500425461312545,70.59546780826176,81.87310520464527,5.0,21.515146697060043,7.054530326579169,53.04524012787027,52.66240814000918,Full Stack Developer
8.19822429111792,22.349256178161255,55.34164280651193,1.0,54.117872045858086,4.357539684579318,19.490264665476563,27.663511289317082,DevOps Engineer
72.1777426687754,75.00157849867354,25.117626099739876,3.0,42.22901759309285,8.977673263848672,9.209151957652699,50.89326581265544,Full Stack Developer
55.274667503146226,12.797365793411487,31.58127787691018,5.0,53.18417364156771,9.852126929985399,22.30767058877857,38.78378397411622,AI/ML Engineer
53.978332242531714,27.942698330108918,55.78036956162098,1.0,32.76351957501851,5.60680386084846,61.54569781930023,39.44559905036691,AI/ML Engineer
45.89180717247363,23.26128187713138,39.8120735215875,3.0,22.14276711643158,2.408118774963936,34.85529412359151,34.757442333059025,AI/ML Engineer
44.37944365923319,34.73211786252456,94.13682125571641,6.0,60.28112662104677,5.058258613881139,86.79641456169901,51.81036764937147,DevOps Engineer
32.23077778784459,47.56502238132621,35.7738201858223,1.0,53.170986004477605,6.655307542972006,77.42117062103092,41.44309131259545,AI/ML Engineer
42.82521278854373,23.44512109960968,42.406352038438385,3.0,55.15349539101223,6.4235173875450515,48.4460339381061,34.590268707044444,AI/ML Engineer
52.56960731150283,87.80161877215428,92.66534766230554,4.0,45.77117481490135,8.798619089575968,61.76713695156983,62.98343609863228,Full Stack Developer
15.315072122654783,50.368426017932535,82.03658913479937,1.0,62.13964090214852,3.8286779542279126,74.07561477055413,44.70812627434207,DevOps Engineer
66.59165889926362,15.085788958040316,45.60723275860191,7.0,68.56148020553738,4.653391130838954,71.18998037168413,40.16715534640891,AI/ML Engineer
31.471833648978414,13.77240128877539,65.46884775765767,4.0,30.38450541786534,6.933332994097544,39.626764088184906,41.13957751693486,DevOps Engineer
7.3619057341890795,42.33362842036855,51.40718695135447,1.0,74.32704028151103,9.401732796321825,50.613210509835795,38.63542308200494,DevOps Engineer
42.58869711257404,5.642546743241993,35.43592745733363,8.0,60.62314593344319,6.0521944937384475,86.38269243466293,49.370811552497,AI/ML Engineer
52.03271223784769,71.80486435623362,8.652234323438574,3.0,54.58193768496427,8.8722927797127,86.23254677705042,53.63811989310864,AI/ML Engineer
30.407841904105904,47.98304065674156,61.103218840459974,2.0,39.26228101251544,8.715967228268727,4.286282013734714,33.0094350938063,Full Stack Developer
25.14187060988534,38.73701617001715,47.67901497154596,5.0,92.58367476114816,8.967757872671683,53.45862837563452,50.600602901321494,AI/ML Engineer
17.04595482578861,26.77854906919294,53.82250580009133,3.0,77.62081231341266,6.345719101684203,77.61807489627654,39.47019901507399,DevOps Engineer
40.18206368702751,37.47309853292204,36.1277492127335,11.0,75.84003904225821,5.6831169977422995,78.76775128683869,50.906727220591954,AI/ML Engineer
21.53638767272868,35.34402842413238,4.285724896841293,6.0,53.723473705840995,2.93896583907651,9.172440011857717,35.63554911137833,Frontend Developer
29.537369464826003,68.36869284606398,14.890495579236665,3.0,68.07158352547278,5.693736771045776,29.369880589878267,45.689484571640996,Full Stack Developer
26.38989021672578,27.75748920486191,39.32586136796822,3.0,72.02263409922158,4.218577445136397,42.54713365590479,35.56854992231074,AI/ML Engineer
17.511397607063817,14.335903133792169,19.944643339596322,6.0,41.752502615574414,3.1221871101460885,51.39813652027835,18.20731616282866,DevOps Engineer
79.26567951405198,21.928057424926624,18.982294194031436,2.0,38.0041976642581,7.35927765012409,43.11421316631184,47.62888330482205,AI/ML Engineer
39.02464960358415,39.86808389657243,71.5575339566909,3.0,14.893241276776875,4.052783080953034,43.32905943281592,40.96529813804965,Full Stack Developer
84.80354280584896,31.043453053794124,57.76469119121784,7.0,35.32366788252193,3.724541935384585,94.56221086597535,59.11499324242503,AI/ML Engineer
34.976409711822505,19.6901794804461,63.13881097995508,4.0,55.44751783959854,4.015764504579219,58.41899890126992,38.69248595591288,DevOps Engineer
67.4708003292874,14.855327835691313,86.68310520013466,7.0,38.55708587527742,5.408583813594415,16.637545745392384,49.840800745903074,Full Stack Developer
74.19619638234983,36.04169480222553,94.00841975272978,5.0,25.845181104451076,3.144745102900131,77.23097531856136,52.010403538267106,DevOps Engineer
81.21762295920544,23.27686019705662,67.64251324228226,2.0,68.54419886259717,8.570687319142495,19.104306608717025,56.34792766839673,AI/ML Engineer
55.549150520929416,25.274330458828153,32.09183888007324,3.0,55.005573694235146,6.539834456705572,42.45679172729482,34.59682810972527,AI/ML Engineer
38.54339123840556,47.25572728727764,34.78781575539237,5.0,29.105841135512904,7.188553669968819,56.255712805196886,42.76372656044622,AI/ML Engineer
54.62779819226876,21.23535246268915,45.6587249015813,7.0,29.890608313845206,5.939491847793439,38.18287544490673,42.49703069962886,AI/ML Engineer
53.741308565832966,47.91246371938489,21.849256814007457,5.0,27.03101419148391,6.049729700501269,54.48825149928752,39.104742446789125,AI/ML Engineer
29.850136703711566,56.924473790552,74.5350158551755,9.0,42.87669953654141,1.6522194694970374,65.72927008853216,48.93115030973496,DevOps Engineer
45.99408339844254,42.9558525649899,32.60685299335266,2.0,75.90817705846746,5.466333475453338,16.504648942059717,48.02132087636021,AI/ML Engineer
29.844648536985886,11.856747763682874,64.21691166855244,5.0,37.64918522445127,4.053046184210508,27.66301932297158,40.04944680897536,DevOps Engineer
79.8000143472756,33.749388029324734,64.25797411978556,5.0,36.488272578554714,9.647193855375134,49.67599960605834,51.34255275632109,AI/ML Engineer
10.052708158778898,37.379495160327366,3.7439963430397003,6.0,44.78100629045585,2.9045658861740313,47.36158228177425,28.887395513343193,AI/ML Engineer
51.26412017828089,40.44112905714352,35.874864909184204,0.0,31.989176889874273,5.966709210452045,68.04807524725531,47.1424734731977,AI/ML Engineer
25.450395018058902,13.092338145172624,49.72679260946432,5.0,34.0201874137822,4.445498594213966,35.697038571060595,28.51948811971489,DevOps Engineer
54.08289906263876,55.56200059489489,64.85542305454806,3.0,28.25943128310752,8.180255677423002,70.46517862753473,58.77846332094187,Full Stack Developer
39.47752038680594,68.32102501603006,60.1659627792545,3.0,34.32711973320705,9.789384852271933,69.8037699898812,48.85758569349769,Full Stack Developer
39.92540106450069,13.279809240983676,46.63070204096422,3.0,36.808265570970875,6.436140662345333,51.175793814195146,35.996631319689875,AI/ML Engineer
38.259306708967685,18.520806106289953,57.24037190437864,6.0,15.776718219397756,8.407720889857337,66.5888673225123,30.323551235618655,DevOps Engineer
40.1895665478668,28.25438104610436,31.413663866895998,3.0,44.443388084431085,3.412789026126543,91.69626572219751,27.23812972197827,AI/ML Engineer
59.79609580429861,14.794716303923217,47.70164294993224,3.0,85.52914920379501,7.4332797457456,55.68488230929799,41.843235145305115,AI/ML Engineer
53.242912102967246,7.461943570154461,75.87266657439031,5.0,55.73721237604574,5.9495889561825415,48.45383830466995,52.510547351592855,DevOps Engineer
75.06697512593628,58.96236866742368,18.485180350290957,2.0,35.77222297860221,8.24308292432486,12.676918863592206,44.69681182462215,Full Stack Developer
31.943219784606704,12.988134323232794,16.147641997969433,2.0,48.00529963344877,7.339449612292457,63.68059302681757,27.864597565934506,AI/ML Engineer
52.94887370023533,72.94267406282941,52.83301740694799,2.0,28.992303516893063,3.4019375109968926,60.674743645811844,49.576473793226874,Full Stack Developer
64.0072414024239,12.013275206463383,83.55698998766499,3.0,14.615818435772354,2.7608098345980414,53.61287780048798,36.3540696717649,DevOps Engineer
37.987408805836246,54.51341165202719,27.901848501935035,3.0,51.99494117548167,9.170688985125842,76.07069000969254,52.88322776015898,AI/ML Engineer
86.21443947151246,4.820700458683604,38.45811264752121,7.0,47.0839106411787,7.87014086863775,22.072470498487327,57.1410420950169,AI/ML Engineer
52.77994937625765,31.064533412273338,76.657786676953,4.0,11.522671927576496,6.150960745599617,38.8284806844015,31.619033073755723,Full Stack Developer
75.37656684480383,49.49345049346175,34.494153595744116,3.0,58.93490540143975,8.219861176687395,96.58821440879711,59.90777081612126,AI/ML Engineer
42.45517021314554,24.119137142464478,30.787618373015846,3.0,79.24687392153939,5.235542467935871,75.62411618777503,32.15713108701776,AI/ML Engineer
7.9367792588438775,15.134152875787906,4.447246374038194,4.0,52.8165882006601,4.501215830488979,39.07895315333112,15.255119934448945,AI/ML Engineer
74.93944990244059,12.906439384844298,33.00643477062179,4.0,41.91209832974418,3.8113118374064854,40.66275118859512,42.786619623922604,AI/ML Engineer
47.335790040575596,22.362937205701808,19.379736986320193,3.0,67.84040877336392,3.2506128495497966,74.82081947954815,33.16272229220369,AI/ML Engineer
80.26277972780792,71.90560283525738,25.87258708701391,1.0,76.01423911848025,8.133929437922236,11.093791268050367,60.22305971470705,Full Stack Developer
45.01191553253918,77.66503953320812,37.34917039765446,4.0,13.8985289410018,2.99868698386918,20.145248445907278,40.63439345853507,Full Stack Developer
73.10964102815339,19.632455867379477,34.879735190759355,0.0,29.733599194304016,7.800027505858408,73.99868103656809,35.1555453819056,AI/ML Engineer
95.38676092990252,25.174038593995718,11.221522875440247,4.0,31.24707892436525,8.73854040031667,76.3312249653512,53.09395423566647,AI/ML Engineer
46.610288454623586,27.30078207749031,39.40908394194991,6.0,59.1595636570609,7.721369496641496,72.15610806914088,47.722188860243484,AI/ML Engineer
43.93835173133219,43.202856482030306,28.10388468951747,1.0,16.427065744552465,6.156213756502127,13.068212035659965,33.808559591479494,Full Stack Developer
62.798035041723296,57.13543305438347,60.979557828721894,4.0,33.770804547253725,4.081636100777138,26.15515379929967,45.48829590902556,Full Stack Developer
47.63752357461296,83.02599643656045,50.98147861421135,1.0,52.74719089472928,5.210324875398675,15.703217840041434,52.517716058933935,Full Stack Developer
30.078454884002674,27.930503153883972,18.435463142218143,5.0,33.1517874113713,5.471823938614025,56.61938126086091,25.177120827451965,AI/ML Engineer
53.606398461768734,51.987969022285455,64.8456666366029,3.0,33.45883688394696,1.1224125790053274,84.50668097961407,40.352478558220824,DevOps Engineer
49.88571368512556,38.035476134580456,26.17934841636994,5.0,48.138958513031874,6.234371428008151,65.26313036480902,44.8284363288832,AI/ML Engineer
57.14866450189626,40.842821774515116,72.99289213653074,6.0,35.36689482322868,1.818268347344226,59.042768827530345,51.63086613414625,DevOps Engineer
83.09016647323578,20.365177978569392,32.881448445678835,4.0,33.74647689773787,6.619588659731834,30.428959744160416,42.59515075264628,AI/ML Engineer
49.295446408905526,32.73469132952822,12.5396835954776,7.0,34.202124930863995,6.467592154911204,28.712265618589655,39.57033110472946,AI/ML Engineer
26.860066494826835,54.5023892809465,68.98824574011888,2.0,50.867796529592916,6.404452236771619,85.24181394205291,48.285234665063385,DevOps Engineer
96.96044896660871,48.46278304897943,17.143527540871595,5.0,60.80848917182882,4.9781395016909356,21.79926051930339,56.265096778281254,AI/ML Engineer
12.856316574956283,49.81900678923413,44.30718083184796,4.0,11.636104566792211,4.554210192032994,77.52042776624114,28.540688039144285,DevOps Engineer
64.451132579901,49.89982780969729,55.68084804025126,3.0,57.78458189799201,5.976108461881653,62.84552648451863,52.984712207897054,AI/ML Engineer
27.4635767213863,32.25008208890674,33.57692220353455,4.0,83.77148291173204,5.168465518981532,64.44716867222905,41.117822088422336,AI/ML Engineer
74.56294627761663,59.98844357233253,23.356351080862208,6.0,46.33721827261399,5.489954519741341,90.47880625558989,61.598293181168714,AI/ML Engineer
76.68912420277479,21.192082993907803,3.34877089080301,5.0,21.460852496909883,5.895108855567792,35.72762633698731,31.791150686731314,AI/ML Engineer
32.98917347303122,36.74116432889333,62.552622163028005,4.0,65.06759982610448,8.92954047498057,14.511665723256852,39.37473236853554,Full Stack Developer
66.35305008463041,31.393039590191364,80.16562595071225,1.0,54.11587550237705,5.2506819486641545,78.38470644616756,67.67596079000698,AI/ML Engineer
27.15091892247628,35.29528232106322,89.05146191505082,4.0,58.86374355871942,7.742777029544432,44.78005631974092,49.56069559486563,DevOps Engineer
22.402703900060956,36.805011330863806,50.41896877902001,4.0,39.7722282544058,8.871669153657532,54.44284025376802,42.82670215087619,DevOps Engineer
12.914184240325257,17.72780903520447,12.18863829262819,5.0,76.29879052209667,5.93993970338968,70.86483450389849,35.24124088445072,AI/ML Engineer
59.03248370701344,34.270729224811234,21.76875161695919,5.0,54.11545174795035,7.566118871959288,51.72848200308656,49.50686636018096,AI/ML Engineer
69.57876191529992,42.96346672307819,47.25815224566299,6.0,57.61826449070221,3.7718932807997607,57.31060842215127,55.851264971986886,AI/ML Engineer
65.1028351577538,16.458517683227015,32.95464921981088,3.0,49.02362240856733,2.8502110291377654,49.53869527068358,42.57358499820141,AI/ML Engineer
36.307087522085766,33.967236970134266,2.269572040314288,8.0,49.37216277942237,5.12988931741594,64.81957528182377,41.622448771949514,AI/ML Engineer
24.6944662762971,63.69181617353519,34.66476494971771,5.0,1.129108156887159,4.689655708730588,46.464136047399776,34.630879639078906,Frontend Developer
19.67713379644367,43.25416554682965,33.67434087447911,5.0,20.45580433667338,6.304875486176053,23.893184715011863,37.05029671856716,Frontend Developer
56.38540385467231,21.465504955571003,11.214793559014916,3.0,68.51283035429778,7.306261214498236,23.838976754094297,49.80673795549693,AI/ML Engineer
91.26439597248843,19.423341441148352,36.28133485148346,3.0,71.7442851433734,6.2008176812116735,71.37152695342333,55.153583173065186,AI/ML Engineer
78.14281038868872,41.8019216082023,11.248327308537288,4.0,21.532418758061922,8.827805492982662,11.495402747107118,46.619702006683255,AI/ML Engineer
76.07522413471406,87.96185841509553,51.090973674332254,3.0,39.66923294365908,4.098208083220673,70.86771340531003,56.467750382972014,Full Stack Developer
57.3462934162748,24.156041226668084,32.119475957326756,2.0,54.4338765407236,5.770347502306369,32.06294430442888,39.70014406375681,AI/ML Engineer
94.50074652095333,26.63011920144981,11.52189608376019,3.0,12.712710419882148,5.354350705991397,50.672651511992285,43.738649425563466,AI/ML Engineer
17.339075545959663,34.671231477370306,68.96529087423761,6.0,11.932810611077125,6.695824298395676,17.169414067028868,32.01185570214552,Frontend Developer
60.61793505716271,33.55495967154052,47.13209144612305,4.0,71.23410923757979,2.7895222800922315,81.77417169837189,48.9610302083703,AI/ML Engineer
78.13962164871724,31.03769400737167,62.17889697663931,5.0,73.8491661162766,8.960415714568786,20.287947812533574,60.32810669701808,AI/ML Engineer
19.566351596670987,18.25514115334267,51.20485539846587,8.0,42.60043823151593,2.0888785683781967,88.89741306217628,40.750273138518835,DevOps Engineer
48.53019028783693,28.002680041718904,80.68146718472826,2.0,62.76493830446109,7.725724781229682,60.63253155884425,46.68843326660364,DevOps Engineer
49.316842088876314,67.89310914103417,28.76603073860823,8.0,45.60740866039785,5.427606938830154,64.67287648779335,51.82591428566177,AI/ML Engineer
34.23955401296737,38.63158687804865,26.34261016459404,6.0,55.6243936453804,7.344951877069112,27.194921864598843,37.265131584474354,AI/ML Engineer
17.169585773715205,10.160610028651334,80.0600804779586,7.0,39.07879730806546,3.76884973103877,59.44935991933957,38.26684941482263,DevOps Engineer
88.4773299773861,46.10571079475469,21.49472340450183,3.0,46.09962567822324,7.728165736595937,65.24043599081952,58.197311731721335,AI/ML Engineer
27.109136805295204,82.60993915324894,24.625803798468805,1.0,60.46584121493945,5.01557189303671,38.8385759855477,51.90782583701732,Full Stack Developer
32.83060043548363,68.58932286263372,32.8925123089759,7.0,23.033484042808187,4.660094253109221,38.117821908280156,38.25195913655145,Frontend Developer
36.6173044553541,30.762069165323165,43.4118084729521,3.0,27.995956021068242,9.309049270942575,57.738073188721096,40.44165447457999,DevOps Engineer
43.36201838707415,14.62221604611919,33.87771825840424,3.0,4.959096489424857,9.622294240192481,4.710856824527435,34.96860745453151,Full Stack Developer
57.75323201852529,61.19749753020951,44.255689801737645,2.0,46.186859342806386,8.266976967741634,46.496678716955046,55.129185637266836,Full Stack Developer
71.22514318486434,56.81183324425797,20.470687364692285,4.0,62.23548277379641,3.1132608220175397,34.34658342718395,35.96617258277264,AI/ML Engineer
73.98927523659628,1.9009576829837924,24.500757870464838,3.0,13.152804015110453,5.7887276546654505,55.45764857577047,31.149921349590606,AI/ML Engineer
91.1076127883734,55.995317068022686,44.75769866014604,2.0,39.15783784404647,7.555528224424273,36.20874735858837,59.779844791124795,AI/ML Engineer
58.2248633519846,18.744905665767416,7.17481561083439,6.0,64.27147978239579,7.769824722949057,53.017997900014166,41.393886626896716,AI/ML Engineer
87.90605228921126,16.35694677169862,56.087625434727805,4.0,33.33362526173197,5.9857640392821025,31.46104906392415,52.27716228033329,AI/ML Engineer
41.006890351970746,27.96566731126402,59.29116515553384,2.0,6.607517412463632,2.5173332745305794,60.570679313127606,37.48589610589205,DevOps Engineer
52.44146855034801,42.76650676622148,73.14026395390685,2.0,36.856419253698796,1.0269751844950126,41.40084330023451,41.19273599458685,Full Stack Developer
47.341153040242204,21.62985074831131,50.569353028660515,7.0,30.99408834946111,5.579217305565145,41.10893380084983,42.53455466367846,DevOps Engineer
70.48211796596074,66.61516178917685,4.201023248908255,3.0,17.426804559569007,5.933807274239036,51.678651475227966,51.48618539001991,AI/ML Engineer
33.36725790171941,48.067420963101895,55.70011435920457,7.0,57.57319494128833,6.885838477697308,16.541344337185613,51.251717908604306,Frontend Developer
78.3937330195495,18.520545202314093,37.00873551595149,3.0,24.28813040288934,4.594609660324,71.83207922730102,38.3300501758548,AI/ML Engineer
44.9797229599965,60.97624538373879,52.768916199459895,3.0,69.6831245660663,8.497928766060955,62.477496686843324,54.004122265924515,AI/ML Engineer
52.405561493800214,50.32826760543146,12.384285379340653,0.0,36.24185701856963,5.5404206533130775,48.657704875823995,38.57167441658765,AI/ML Engineer
32.59956839721935,35.22654428339325,39.046692123545114,6.0,52.2374223493795,7.980317237464899,6.981307633690591,35.54107084522299,Full Stack Developer
44.35910003730223,33.56738629540751,69.1861386169429,2.0,48.172838759023875,3.0241653007595684,73.67600433953277,48.46503646588801,DevOps Engineer
41.579983723200364,61.8861391328567,59.966062103162784,2.0,8.643208192763103,8.83174462232915,57.72305807436653,42.55673409155852,Full Stack Developer
56.98673761934718,26.708992182900715,25.068396620096227,5.0,21.74663925766924,4.020857016088048,36.55533329992534,34.452240487177974,AI/ML Engineer
16.591500738093956,76.00009778433211,60.77632892017091,4.0,35.71475940302107,7.108347021873504,69.9647397718754,51.78734454301507,DevOps Engineer
48.48974379270873,32.03679635905213,43.002823408352356,5.0,21.740675440199357,7.0093492253615075,37.920327744423226,37.39171972744938,Full Stack Developer
55.13293233079474,35.33452700435454,25.630636615593456,4.0,44.117827444079296,4.5876776040958855,41.94423591566654,38.31425660072938,AI/ML Engineer
40.86430751885,38.97081275580362,28.158096716546734,7.0,45.22537786656782,8.29991843594137,49.67379770106829,44.991620013226886,AI/ML Engineer
78.95334245148314,26.256238407277603,29.682160219898986,2.0,26.10271817902304,6.109542093418905,63.4088755513306,41.59273175956024,AI/ML Engineer
65.81363983752027,19.232062194637393,46.56534595124483,4.0,49.248107670107885,8.272270290043727,41.827043739740716,54.698517666503896,AI/ML Engineer
72.74450894687855,7.345090036627979,16.476068630558874,2.0,25.102304053166115,6.796489561289465,31.134221978302946,30.667877415989253,AI/ML Engineer
27.075500163158278,52.39115151982625,66.41115718358323,6.0,56.27910992338813,6.229676686675493,73.65279291118487,37.08889741143399,DevOps Engineer
52.79532272164745,58.67823539283699,80.26253660416432,10.0,65.83351066721804,5.372595851102096,2.564778430161409,61.56470233245409,Full Stack Developer
6.833451499103059,72.35922453855866,34.676254341760114,2.0,29.1659628227506,4.7834395675289505,59.17034440490425,32.71065378577116,Frontend Developer
32.37109784718368,69.1218487833939,39.98643384615188,3.0,40.2954136447316,6.328226000820716,25.68309683845825,39.033648811011226,Full Stack Developer
77.02603672388165,19.014207333501492,66.40379502700057,7.0,42.23462863755116,7.1001728138465,26.582006614062713,53.203957420187436,AI/ML Engineer
23.30161916156874,27.53139464670794,24.594528307640847,1.0,47.09980858581503,8.044448030328832,35.74354877166262,34.514415425908055,AI/ML Engineer
55.596546317456564,37.39101268788976,37.17491474013746,11.0,46.042079411976054,5.8020772671393095,64.54526354577402,44.57981204132058,Backend Developer
21.668553168035206,29.995202652561904,85.78161823056621,4.0,16.51048276302689,6.454343574757457,56.669514323611914,43.98225985825529,DevOps Engineer
14.922200614082124,52.25045763285654,18.996672292009936,4.0,10.979834766157634,5.772444065950425,31.68219677960296,32.34305670923471,Frontend Developer
71.85541092582406,64.68254162240642,40.73573302995771,6.0,96.99051299995597,7.533216738686608,43.991559638948885,74.16495911103753,AI/ML Engineer
49.460863830476946,19.604653135819056,47.761933957460094,4.0,44.84465629904633,8.892489339237212,18.177504367644424,39.685329394564114,AI/ML Engineer
10.172496101993005,5.264371431598623,30.091184170011005,3.0,41.658176395737655,1.9862878331449185,66.19264756573371,21.935665996573977,DevOps Engineer
9.659549568169373,64.30695695857224,25.37621600320058,5.0,43.31537552260315,6.1111111887094305,56.54035187689125,38.1848051212843,Frontend Developer
53.6339360267551,56.401084650486034,43.497729629395636,5.0,47.55424185645127,8.444757422525038,38.057931265181075,49.559414139400594,Full Stack Developer
68.99107969834888,17.75226321406084,46.0338150136352,7.0,13.583000827360733,6.6094118357316045,65.56266885431575,45.14438480820139,Backend Developer
32.45141837602373,24.173369800662357,1.5501803729692807,5.0,33.85078973236924,1.21122203802505,64.63895059460386,27.592965514680408,AI/ML Engineer
68.14784256960218,8.414999590503786,7.3697364683045485,5.0,28.76430151435513,8.240143475280464,72.8647076925371,40.91784383202579,AI/ML Engineer
56.698283815570704,54.91248357320138,34.17624431130669,6.0,10.108480926372863,5.099391084170865,60.34376972997182,41.28389059603875,Backend Developer
42.7999159436488,43.11158750813704,17.616170886879495,2.0,61.44176810391415,8.8962923761127,36.71875769461994,41.86660759527919,AI/ML Engineer
56.64105347156728,64.74975729374152,28.66731415149775,5.0,64.37958734281797,4.568101231096893,72.56364738941805,48.92805842271092,AI/ML Engineer
23.87227494453461,64.22266402082278,55.991694990569115,5.0,53.44027119418033,4.05060820984854,95.53526361245909,42.800656998717514,DevOps Engineer
47.46457919788122,36.6292766137206,35.49145080255951,5.0,39.10685098764867,6.300211467910108,34.121346793583335,40.56827886995301,AI/ML Engineer
30.480600867344222,14.853373841866112,77.06322154734406,5.0,14.315025207794948,2.5590772064934453,17.699536721803945,37.82427654688471,DevOps Engineer
44.64998528310423,8.826490986860897,61.544989587999055,5.0,71.97250940049412,5.117879771026543,36.5964620556845,52.59836836989904,AI/ML Engineer
37.08414730422278,14.636851564271854,65.48889865633598,3.0,11.375804658431717,4.313176651092706,54.91654322875147,38.856407592471726,DevOps Engineer
20.377340434762374,26.105386954933852,23.548840538140418,3.0,28.25062812315747,4.068363986168126,60.84549248193888,24.37657987771562,DevOps Engineer
61.01276817225841,31.61087569955574,15.35336375997039,4.0,77.04171084990385,5.419674945178107,53.930368717205845,47.58918053310128,AI/ML Engineer
88.94346972635343,26.5804019280525,60.34388640508386,1.0,36.96352967302807,5.144415202786553,58.46708082752813,40.481262160872674,AI/ML Engineer
63.443112572066674,65.02206160250688,49.12352873352316,6.0,19.68407868148972,7.171908205201367,38.65881883759922,50.516161981271466,Full Stack Developer
52.22855311321477,49.75333864215138,1.3946773506251222,1.0,59.70162953118716,5.212465161182508,45.82913417270175,38.233405191167485,AI/ML Engineer
61.32085062103195,72.5390953260339,43.52854669403608,1.0,92.2127620936689,3.6537338772593753,18.747656197966865,64.66203050196826,Full Stack Developer
78.03722113077953,32.14007326210848,18.478211656996788,3.0,43.38213982401187,3.8890283196955306,25.37485973398609,43.17619040896347,AI/ML Engineer
86.71563157718303,46.14935540847196,70.63535193570003,4.0,78.09355829012362,7.904354302117515,9.38547433360548,63.84535155689218,Full Stack Developer
45.56574074100463,74.30906397400295,17.83963844922951,2.0,47.345336893547575,3.1989281466046267,42.27478509926558,42.001491278212846,Full Stack Developer
38.56754376789047,73.61228155104851,44.336154834954975,3.0,55.93925649451501,8.319068776910095,39.326170074044505,49.73671838695468,Full Stack Developer
54.1498638279176,3.6440599476719973,41.71975392245386,4.0,46.031361916859396,5.3845304043675855,51.96620371843228,40.06957190603812,AI/ML Engineer
30.389434769256184,21.04410709744506,71.1534427025414,5.0,91.38849192963734,4.207362664001227,9.487483535285746,40.05719580106188,Full Stack Developer
18.94267577477926,7.733901780459335,82.51530308281988,4.0,3.5871341208970446,5.117517344488976,29.543574737998597,30.541851609176206,DevOps Engineer
60.85310835446231,43.521560228781496,44.485874081314755,4.0,61.95037134862683,5.391116139235682,34.09318765443091,56.1375849386893,AI/ML Engineer
61.66967954013596,56.77327991088772,38.45820680220919,5.0,4.697497448063486,9.04732462192051,53.67440407204057,48.0396794146159,Full Stack Developer
20.50160400134156,29.1309905311962,64.40393464801389,6.0,43.985407846051395,6.627998361995507,36.32060004283746,37.082372756513266,DevOps Engineer
34.178755846410226,60.057925833806124,53.01699824862074,4.0,37.37908748655472,6.25836726315295,40.518598553730946,44.02338268411871,Full Stack Developer
51.83301460275766,31.66040841626114,21.399484276098395,2.0,44.12457455500983,1.2131850794453258,69.61223523593576,40.81616830298867,AI/ML Engineer
26.6767286031027,20.624341931675932,47.606305508383734,5.0,23.22800591185149,4.631051895152967,49.57461479764637,31.725067265708898,DevOps Engineer
60.26819918372245,36.82323615324972,71.65868871607984,5.0,58.94421252830321,2.789182588983053,60.615334255046186,47.29541122415378,AI/ML Engineer
41.03446502519634,11.271978230315808,53.52292637229119,3.0,19.634191272000542,5.18850671646333,6.637894130215181,34.550248791377115,Full Stack Developer
78.68282371059564,62.1388965551072,48.248673078824616,3.0,29.46314445236622,4.411312743626593,52.21617750650772,48.723921627846174,Full Stack Developer
74.18583111434137,77.12830258068668,63.8536135728713,3.0,20.96095746833684,3.6321773639378927,29.592065794093124,52.138946707579564,Full Stack Developer
80.73988101725243,61.41192881695437,39.524728814522206,2.0,69.15605786092674,8.522484118541122,76.6708575337448,63.27131545984077,AI/ML Engineer
38.56270744859181,56.08175312955045,26.568038561038055,3.0,21.785955682712483,7.874045970412864,38.19496609110732,35.358769432336366,Full Stack Developer
73.2124738368013,56.62544952009966,91.35853778584872,5.0,92.70866223696285,2.885461776261673,51.50730416263244,56.26705962006076,Full Stack Developer
51.54695673210147,32.85201777960887,77.49263578212032,5.0,27.675799514303023,5.656056379304577,25.90432566806579,46.930897125595514,Full Stack Developer
58.0808454771997,55.831409645722296,25.640039062836216,0.0,31.10343772946187,6.695395915139592,29.770447547004313,31.42273580542934,Full Stack Developer
37.332052997425095,26.599245413065255,87.55305384167178,4.0,59.12802908044532,2.533526788710368,10.320853763476908,37.07178486981627,Full Stack Developer
44.01731936296143,33.51279984845712,37.40203318856659,1.0,56.230696027828174,9.388473735950395,3.2473112180813652,45.693568686136295,Full Stack Developer
59.478793648318806,53.50283760712823,53.23628849949576,5.0,70.23896651212598,1.1990749280409916,77.51650657391536,53.76245081411622,AI/ML Engineer
91.5159556954212,34.23040012896257,66.99790893017907,6.0,69.51905078271923,6.206849025863254,35.83126559536149,60.41137284726511,AI/ML Engineer
51.88361473150077,39.55885867611239,40.756852647921924,4.0,20.625152634703827,6.581187054155365,87.31776397084874,38.559578520149394,AI/ML Engineer
75.0731898299252,29.04207966143749,35.41552351792201,0.0,49.648878544270936,3.3225806407301506,63.42186624173581,41.6749688707298,AI/ML Engineer
50.703435818352595,60.96182817857569,58.68398642691983,5.0,52.67472541772735,6.6534102140856035,81.45867930753005,57.68080843015188,DevOps Engineer
65.00121464503292,43.814205767211526,65.43482049121783,4.0,13.548881947629612,3.3464232763924513,57.244891802421705,44.40753595635538,Full Stack Developer
37.62975414256446,62.80482797668668,13.597111547849561,2.0,30.860529765763534,3.7344390477812994,53.80728456670273,29.886060372740403,AI/ML Engineer
31.40241514028513,16.626279436430575,17.979612626055342,4.0,17.41845448949056,5.104359391002972,65.76278170147553,22.478434414286397,AI/ML Engineer
59.723625921356515,25.472505888265456,4.950252854762278,2.0,43.153871689743156,5.75638202693878,70.77104910774518,35.36284944873887,AI/ML Engineer
54.77050343043496,47.12908617454712,13.529774828828216,5.0,9.441311961879748,7.921422260019195,71.76856608824494,42.40886394304557,Backend Developer
35.80200569075244,61.641925048044314,3.216081394012202,5.0,16.11962837883201,5.7192490060620145,33.02357500843034,34.572477915254424,Full Stack Developer
46.12680922231235,32.773747793961064,24.87773616069387,4.0,49.85076783262978,6.343062112728838,60.90313059996154,34.45167729947343,AI/ML Engineer
92.38903394796098,73.77581369841776,62.684427787424426,5.0,23.392947548819475,4.588056617750602,65.80318376815454,67.87752495867028,Full Stack Developer
86.75076313245735,17.78980701704719,13.519942840659052,2.0,12.587122433605193,7.434258505087565,67.99597937027916,37.281264809281666,AI/ML Engineer
94.36054586911915,39.960481067574186,47.954706212351766,10.0,57.38587366679012,7.7996286769227074,36.262118384594984,64.20128679671802,AI/ML Engineer
56.97733374351862,67.14959491130034,41.8762356196246,3.0,52.154493344981155,7.844263933702012,11.997887883391636,46.98620267083491,Full Stack Developer
68.86842588738786,74.28549452780251,71.12989898400424,1.0,49.73113044374442,4.8745367478680075,14.198735350844391,68.69749152286869,Full Stack Developer
41.7875155118572,36.98762975847704,12.707983556259341,7.0,30.85617780300861,4.619716224994667,34.02148471048208,40.82490480601843,Backend Developer
4.469411336452752,10.390242080970697,46.41214392549144,3.0,40.67165441151614,3.3953834400088407,18.328903261773018,18.197732026344063,DevOps Engineer
29.76252867083218,34.800215963395445,24.04328358241364,0.0,16.90200161391753,5.528163502954335,6.1072630114286754,26.81829776849724,Full Stack Developer
26.299254834455247,19.204238370679487,53.12087053358232,7.0,63.83691984973442,5.708268426413973,65.33314379055054,35.288118815403685,DevOps Engineer
60.444396336520526,39.524080259100984,7.049754572097484,4.0,66.35303669177203,3.605725273253724,69.34428827786175,41.31934230016477,AI/ML Engineer
41.061179364259445,41.91412677032788,32.75053100201551,2.0,42.023403043202045,3.4562348786050783,80.10843509693214,40.44059821170065,AI/ML Engineer
7.5588491978662855,26.857653229733298,50.568628537753845,4.0,65.87754404492769,5.446761254107874,38.63018241240064,38.33167581456661,DevOps Engineer
38.52126371306577,52.9624051840542,59.679605547790956,5.0,16.644725369830628,6.319937395365356,57.497161647912684,37.17430915385472,DevOps Engineer
61.5835949785936,54.30500833983501,17.73963880506165,4.0,95.37546151003357,7.207305185612053,45.65847022934822,50.97160638169172,AI/ML Engineer
94.80381592527193,49.8143104855971,74.16358971274096,4.0,42.46865999639689,6.036551421224097,89.78744566019743,68.393404079476,AI/ML Engineer
63.4727055052233,48.05908982355549,37.376778474592975,1.0,31.178756382515584,8.436388769835759,56.218920813759645,54.130224048295325,AI/ML Engineer
40.449350625465286,35.788966442705416,14.388286588696614,3.0,35.88317802906553,8.666414397076664,41.799092918526526,33.20158425609339,AI/ML Engineer
72.85468805555772,34.376572276085675,35.84255988482366,4.0,68.69539168263118,5.820801271083584,31.551695444345295,54.95234125776862,AI/ML Engineer
40.803584731509126,31.95386275672511,63.57370653597461,3.0,70.40118038809122,7.224782565742834,55.447763303473266,42.00711006957496,AI/ML Engineer
54.72662122469637,39.80954652628034,25.87049475803648,4.0,45.29591247219371,2.857761119216253,45.198772028884996,37.94872014073795,AI/ML Engineer
65.2960286810083,23.48892213234092,25.972352409875278,0.0,29.56812651718428,5.8938927131450605,35.26648813317996,31.288040445797357,AI/ML Engineer
57.98369433094488,54.556457674986405,76.32370374207046,5.0,23.171244485557473,2.9522593531473444,42.38357922543767,45.87421610303917,Full Stack Developer
41.287216721224866,45.07182395351496,69.9110982464898,3.0,61.901198601438104,2.1157326639527736,14.392131356041688,52.989714166712616,Full Stack Developer
13.91310668229398,29.204048865660344,57.08867590261247,7.0,61.854916465571776,7.066774806907131,21.683337502377046,38.53706226250715,Frontend Developer
19.73196772469354,19.515638194359035,52.711165199031896,3.0,58.43350092716138,4.312109093573448,38.68171483207581,31.844356988901552,DevOps Engineer
50.541054913019366,11.322184009507199,68.65467177692793,3.0,55.13450142799805,8.850637753414759,27.517127737890455,42.37069863321398,AI/ML Engineer
20.968771118084376,32.875435173897976,66.34500359162071,6.0,32.330054660974504,7.359255799329593,75.7039536474417,39.26390164085577,DevOps Engineer
5.13716734270361,31.1989562628407,26.750478387150896,4.0,34.26624375467491,7.507739465310564,61.47393302774417,25.215488558179175,DevOps Engineer
31.425080893572765,68.99584583132685,73.47889996005334,2.0,70.91465252328031,2.870389164105588,10.986542617893038,48.41820692830562,Full Stack Developer
74.30721087278963,21.6897689941511,50.8152904630899,3.0,52.34286623834723,7.966823763329591,64.00705451574156,50.89268660115303,AI/ML Engineer
52.67652966091655,26.42055856750252,25.93392699370552,7.0,59.80465771128905,1.5658409852425301,63.60645028619246,37.273156860858656,AI/ML Engineer
20.446092776472835,8.560908218837117,64.8750663902947,1.0,45.10077732774931,9.720189872218445,48.28706628378915,33.228280200414304,DevOps Engineer
72.59539622660135,46.727915819098634,82.07117851304723,6.0,53.41640427740959,5.22435836600209,44.42630743850324,59.177424172193035,Full Stack Developer
17.203308819492914,26.474884317523035,8.680686614983511,7.0,81.70732740940497,5.953149394229474,28.795415233909942,30.400300161884687,AI/ML Engineer
70.1654656499182,47.412879691227,63.59690379988267,6.0,22.23972366405427,8.25972452766682,59.38883615277173,52.927926506417165,Full Stack Developer
53.078229594905046,37.01376287766686,42.94858682460362,5.0,15.869450804061403,9.602103748848446,13.079272417702711,39.99498999782524,Full Stack Developer
15.113595099531477,53.55080213492788,53.04665342770899,8.0,49.95474702895578,6.002030042749688,64.95569079015686,32.15810310610972,DevOps Engineer
47.26821179936294,61.57574469348926,13.793668107485002,3.0,54.68928570952496,4.160215555585086,37.49984714997062,46.24031136698685,AI/ML Engineer
18.29784694839547,26.188924803966017,20.793606653511393,2.0,56.41430009857983,3.151064076025337,70.6956271975918,19.91601946617905,AI/ML Engineer
41.63867718762654,44.561449536308984,4.9738718928350645,3.0,53.386062980835405,7.447913127709907,15.251085394168706,28.94500146315387,AI/ML Engineer
40.952386424447035,28.13862157878242,6.508744146370775,3.0,52.310264358836875,8.519486235529284,78.20858604651775,43.095272347612195,AI/ML Engineer
58.3217588842631,72.01214401472035,72.26841650913265,3.0,45.047990575854115,4.414088453290947,29.893913968815035,48.44679049033162,Full Stack Developer
71.0036209417829,49.4521487324904,80.2785068195778,3.0,66.17256344418799,6.162745756328398,49.32784573258788,49.35571767191118,Full Stack Developer
45.17137738010535,23.33544196902429,82.25506798522649,5.0,69.93535515333573,4.223779044830739,75.3203784377526,55.965171912571115,DevOps Engineer
92.7706728154891,39.21944927758225,14.861763790927867,1.0,34.59184374173326,4.55318158970522,74.44747496515201,44.04005823384133,AI/ML Engineer
35.187586429288984,31.070844263652518,86.77367957008678,4.0,73.11627863392036,7.939513028867441,36.04174285470446,56.80982194887817,DevOps Engineer
67.01194720210356,74.02594835412137,89.6699275020427,2.0,24.293096481814317,4.457576284836776,83.18791535240028,53.69324709043843,Full Stack Developer
68.50480938387882,14.05241266415134,68.71703640896853,3.0,39.94868651394433,7.111799695414355,83.86705630946862,40.82428839039106,AI/ML Engineer
41.56955076177183,47.43212444452433,10.166336359983186,4.0,38.12124410129859,6.114738495230561,71.29122646489273,37.19302963727477,AI/ML Engineer
28.601352450174485,52.29568278879597,87.08073595164456,8.0,16.675817063051916,7.9591541902600245,57.353408676454684,41.95975758784822,DevOps Engineer
78.41548449715286,61.98233087952726,60.40625005376691,2.0,24.96222017314206,9.209738977775569,20.28102592051735,58.05066656400135,Full Stack Developer
61.3095418865438,8.077458814220483,55.47074978176558,4.0,64.28848076862981,5.8647331034019885,48.4597582726784,48.57526373253525,AI/ML Engineer
44.126333981729786,61.32657759320743,54.95070600924306,4.0,57.904656290155174,8.84428905361261,39.61419787221558,57.69873822300496,Full Stack Developer
38.076432589867046,40.00745918362924,49.84559209518105,6.0,26.729844544790605,7.484538104555513,84.05435577591452,42.13607756123844,DevOps Engineer
49.32406409816428,14.856749958897453,24.62720125451615,5.0,62.12790750631224,8.123464870728522,21.763177831574833,46.928941370696066,AI/ML Engineer
64.74166954074275,25.289623010502726,63.08757608344512,2.0,17.454673585172884,4.878060331458824,44.511945483587326,36.78994188137971,Full Stack Developer
41.55160286259241,43.30838108215509,52.133097668601636,4.0,62.49109645337933,8.466386380221579,70.81368402617207,50.92078508495472,AI/ML Engineer
64.7602704053867,45.66671046221908,52.15524263148428,5.0,56.513676229565235,9.175808424488576,40.39035986077919,54.62728154473155,AI/ML Engineer
58.31349728523578,40.200998618506006,9.601776533889693,2.0,74.24489586726754,8.62263945982578,62.09886273420852,57.78628801269243,AI/ML Engineer
76.40054979025352,54.15890940889972,78.94901660901533,4.0,58.5931083911288,9.435126888246376,16.82066237741246,68.87838099721145,Full Stack Developer
64.87635692177298,48.06858878583609,47.05557515270692,7.0,35.106630819897596,6.020848786147114,76.07182715338028,51.64235961337095,AI/ML Engineer
98.74782902392813,70.8711827916906,4.247339562853701,3.0,46.92755827080217,6.495863206395481,32.770486592131405,57.16404308173187,AI/ML Engineer
56.05213935531626,38.4855506740366,19.28752135747583,2.0,10.407028947232819,6.463882395184479,61.60747827748144,44.38647136208312,AI/ML Engineer
92.58187204942332,66.89304995164532,80.54797998214474,5.0,39.33688531405042,3.9246736861355176,47.53685776132989,59.550389006860776,Full Stack Developer
40.87863375775993,20.501157479178847,74.65670147029557,3.0,34.936816319571875,9.091368098377226,43.16454326041637,33.34318938128657,DevOps Engineer
82.82658284390435,24.458120614780025,38.17642251685713,4.0,63.87694522210276,5.808336746856085,35.00253012149891,45.626479083150514,AI/ML Engineer
89.30283852273575,26.40816153281735,52.22083682426013,3.0,32.82411070024545,5.993572137343268,36.25391586506267,47.59786272708284,AI/ML Engineer
30.97500470068247,66.74567591171517,15.731816087640041,3.0,60.07807114962639,8.007827540544373,46.2014172347122,51.086072891343235,AI/ML Engineer
70.52820242513991,16.61494455205305,75.43702749752902,8.0,49.07422161222551,5.961775299538728,63.233496927663765,57.93404708979195,AI/ML Engineer
7.86423542267963,34.74600673347933,9.04820698240017,4.0,48.05327686873358,6.609484159102883,18.040488963647043,26.772689834792054,Frontend Developer
38.677841826329576,1.643555090248959,79.29200422352373,4.0,89.29707537393561,3.2769945786961774,64.17343916849647,46.105101389992434,DevOps Engineer
73.44052865789173,36.24614953063772,56.438110982641675,5.0,59.48983388014142,2.318022051497793,68.43992088237728,47.69405312576862,AI/ML Engineer
27.026450293375564,28.879318447436823,48.75785301889041,2.0,50.41730505973998,4.98189269067908,38.609453705985494,45.76376494225455,DevOps Engineer
35.19596839306336,5.426433418425932,63.52145206491969,3.0,6.900061912910591,1.651033905473363,51.46464886457349,32.23718973850407,DevOps Engineer
49.57550003441458,52.30967637876377,24.28416980747216,2.0,22.223739090678084,6.002716302701079,86.49453840757339,41.427192638075574,AI/ML Engineer
68.62563126360813,54.35315705440586,29.70986244276212,0.0,30.865114910095343,6.229989113842192,43.520519425592646,45.151274305600296,AI/ML Engineer
21.110547305434633,40.549667846131356,3.5011498040798736,5.0,30.73688202373836,6.133103190917067,53.83064094362092,33.35544632538097,AI/ML Engineer
38.8831225873127,12.37712773825912,21.994920514155314,3.0,50.834850645246796,5.026750038476472,31.811019354482266,30.952100094152705,AI/ML Engineer
11.222724118048971,51.20984824447754,71.60717898761317,5.0,18.93657446702062,8.272765648904691,48.28849546500481,30.709502298413447,DevOps Engineer
85.5540433473044,45.72313588064462,33.03323880077455,4.0,74.60681810769543,3.1219347853102946,3.03243832810533,59.61902031295057,AI/ML Engineer
49.343588863470615,34.096262454567125,15.945733662542727,6.0,27.634422017504733,3.8405287462643938,20.689829407243778,39.41038710889344,AI/ML Engineer
37.375621722162506,61.278418281195776,18.711061690532688,7.0,36.267194223791144,4.129883014005553,63.23821558824555,42.49814193382651,AI/ML Engineer
74.07121808795866,26.92191490445052,33.139677962853156,4.0,34.17421399235872,5.423879309232028,80.8036267402304,43.36530404499984,AI/ML Engineer
44.28338692465555,31.502844383637356,78.75928038853522,5.0,38.30174509900598,9.447693979304402,30.983510207778746,48.47652463258705,Full Stack Developer
74.9549858832158,47.385398810357344,59.037651693829176,1.0,34.80282805541739,1.9945290091417236,67.15219033863453,34.92462969329769,AI/ML Engineer
27.29702777905641,48.84099157945045,38.795119381755946,2.0,78.55267994747514,3.503093676254267,44.981101526439325,35.409823098515815,AI/ML Engineer
34.88416743260572,38.82761720677686,50.42970723346241,4.0,59.68257325917451,7.506809576090241,63.004020515037816,54.49590958114767,DevOps Engineer
54.5444859474306,61.40552649989809,42.385439273048846,9.0,43.6154509977052,6.7246907628962855,35.13215264139085,54.38500672886548,Full Stack Developer
73.75527310690228,7.5787781521989865,28.486087422825484,3.0,43.855714734663316,5.6337918337152315,50.385096068289606,30.71539482787503,AI/ML Engineer
61.896275454214035,83.42155202174202,35.111881912538486,4.0,12.228368487559608,4.481280973474793,18.2992722885494,42.5170561727518,Full Stack Developer
18.809080710916355,80.53750380163548,32.00554882178992,7.0,39.070091231788275,4.029592721403445,21.89237143315059,30.468881958821104,Frontend Developer
63.9995312740391,55.059476520848186,15.839494452797334,3.0,22.283102521201968,2.8660127752491222,35.6093798714992,34.97435602151147,AI/ML Engineer
25.078986604603333,49.025948985934534,13.184041536737286,5.0,28.963163970406214,4.230053139101024,51.710957241204014,30.88680066612698,AI/ML Engineer
38.312627275068735,36.85168278268554,61.64435075904955,1.0,93.32709818111964,4.200485131821864,59.47991063651258,55.87671561299307,AI/ML Engineer
53.51927295944332,18.309759925551145,41.623984409647946,2.0,68.27247475800276,5.450897401698605,76.9393403511331,47.74965381318194,AI/ML Engineer
19.67599820643906,62.26435295596575,25.66777673712013,1.0,61.76451849114009,8.474641486393994,37.10533324442677,39.80589269573729,Full Stack Developer
85.01472487561583,22.076540104354155,48.209103747152064,5.0,15.586773659478276,5.225249423668409,35.514566669018684,43.47423784735444,AI/ML Engineer
18.558077623352112,19.11713278720661,47.31210824184992,2.0,11.178366339165473,6.3830750972921315,56.582134541278116,23.44603304177244,DevOps Engineer
67.72979137385632,79.5533431951653,47.786411346109915,6.0,26.91868222030515,7.585495690151357,90.82467307717214,64.62720849567299,AI/ML Engineer
65.98661582665493,14.205368355264053,93.87287702175516,3.0,13.037747561412303,7.0247888370299085,50.454076039650765,52.469525991756214,DevOps Engineer
43.50556530870089,21.69717961325861,98.32224736362146,5.0,59.410444414178606,6.765905849266901,91.14314576571418,46.00744702612607,DevOps Engineer
52.06060000276683,44.948810483281164,51.41482297058468,4.0,59.82004301043352,7.863186498092402,57.267331370392895,42.81342322919607,AI/ML Engineer
56.91708252946497,30.1952207458199,3.8590540277170406,2.0,79.23980037625354,6.682996851683062,49.86691098521834,41.31690301062531,AI/ML Engineer
77.63644443675032,58.61736350827965,53.959538794507935,3.0,49.52033511011324,6.61330377106025,40.23414865574821,55.80001544924353,Full Stack Developer
86.02820710463068,29.666568456650044,47.72686041514015,3.0,32.836904022977976,4.3392408850815904,46.96293961451591,49.005644955814965,AI/ML Engineer
24.203802219467182,23.977216365688893,38.073892020634986,1.0,31.048287285302763,6.800619794987456,84.45488120399001,24.36458627852077,DevOps Engineer
96.4628038477064,8.320379299788558,38.27839229228853,5.0,51.934585701282856,8.527610016320525,62.192511541230054,49.870871718908916,AI/ML Engineer
75.97153238386332,54.9271255816982,12.83677716081471,2.0,63.552574375080226,6.239658076922265,74.93662519521762,52.01118626227331,AI/ML Engineer
65.5948129517347,72.12397374099922,18.840929799806386,5.0,56.040477520528675,8.795159021666425,13.91029349652555,50.15237729574035,Full Stack Developer
39.13375845477976,52.715396966407965,57.45923474148952,3.0,60.19731138070594,5.552789153995306,49.20687888322829,51.77743872443151,Full Stack Developer
54.51144133241671,67.18298801249266,90.44242015421472,4.0,11.799440801735035,9.047504026503184,46.35385580631588,65.10859762225311,Full Stack Developer
58.664758648187345,5.739180490803449,32.9452624628551,3.0,59.40377215682551,5.231738493971023,34.73444974504352,35.44163996060496,AI/ML Engineer
16.842938991471087,44.40536570570227,60.19633333884562,5.0,87.49722101259866,7.649385006744067,34.48189316468166,51.565315701327165,Frontend Developer
57.397169000668214,30.490295970272914,39.47039404394584,6.0,55.952057875336706,3.247574835726007,64.57201229287152,42.45102724194312,AI/ML Engineer
69.66855490474022,66.97383683098829,45.54216414169976,7.0,21.424341553649548,5.376148953801517,18.11900542318183,45.98812351905822,Full Stack Developer
55.00989374378407,94.43286066595158,69.59487432484003,4.0,35.773220892379186,6.105268338508659,77.75017547021001,56.875832420035806,Full Stack Developer
82.77121959279715,13.341338345074583,62.77649930005133,3.0,6.776823032668576,2.153323019861663,59.78840921608174,44.27995828424504,AI/ML Engineer
61.80541610748902,45.21276394492216,80.02894416587635,1.0,32.913006573448584,5.9417763904606415,18.708739824834883,45.60429323025521,Full Stack Developer
3.249510116852848,71.1591770409197,47.59152598382803,1.0,16.27242542158521,9.13102479745179,15.46039567706647,32.79756529478934,Frontend Developer
59.765874426516405,4.855484450566651,43.6023740867093,3.0,15.74129769746391,3.4825083277335462,40.848636258907,26.119895636194506,AI/ML Engineer
75.21756367830103,18.499893603418105,27.164943859200925,4.0,29.825848886941102,8.59524607554427,79.75188339712042,48.80547434459277,AI/ML Engineer
10.802150170193956,67.98598520146139,53.20577046961714,6.0,21.463311603335676,5.989516296062501,53.836113812183854,41.4702189868147,Frontend Developer
68.39238064219414,76.9267882667372,33.73810445167377,2.0,27.740583099823297,6.678159630963572,60.18937431157835,59.668022331420886,Full Stack Developer
49.11789852389703,10.68411094524622,21.724467507140606,4.0,51.864625721188936,8.462933613921136,31.200086459854283,40.45910423215134,AI/ML Engineer
92.85927213031547,54.08002092528961,9.152234571279672,4.0,74.98682972452976,8.228397042293622,89.49410551481712,63.419327528857494,AI/ML Engineer
26.74382070467113,30.601569388045696,51.452580832902775,4.0,34.180190316117326,1.7550352760213195,31.057760165284886,33.87551032846401,DevOps Engineer
54.99420062955347,23.252430987029612,25.114932199683647,5.0,74.68503400117788,6.223514414054066,58.79325030076128,43.752528775124055,AI/ML Engineer
34.79419341574724,57.44286731805958,84.9793317904751,3.0,43.514980903126244,9.621689577867766,48.50733009311895,53.558903314389106,Full Stack Developer
85.21010534468769,14.7776869747869,2.104452048763283,1.0,53.271305143279726,1.6663842229444046,24.347625223096188,40.60415116653396,AI/ML Engineer
41.83531268815649,15.541805797903033,51.31891882562768,4.0,41.13835660250213,6.169395250473625,46.74216719017451,33.84120310818909,DevOps Engineer
83.9938338369834,38.144819817758666,49.59178593620847,6.0,38.05864956322962,5.564835664545781,21.839561890742946,59.94020907906489,Full Stack Developer
15.986069358160554,44.72852342836795,11.34308552869894,4.0,65.89227454368967,4.610549984210937,14.256909576959522,35.04084086328645,Frontend Developer
51.66959882062171,72.92729322241254,84.26370270437643,10.0,33.73707203263235,6.865028665958608,77.55420644227263,71.05152793867488,DevOps Engineer
56.61828590988143,24.504304249810147,16.191225579714047,2.0,69.783727035749,8.923576370765238,71.02923035752093,39.549436524424635,AI/ML Engineer
68.01010551171683,21.35262478097337,22.304282776500585,6.0,22.308361556476132,6.827938412051029,85.31931395817821,36.18095608471079,AI/ML Engineer
83.77595005700063,29.29980171798522,38.29080542965293,9.0,84.70483041751426,7.587851733955082,20.451763462745184,60.22379421751759,AI/ML Engineer
55.97109150518887,28.10985020359346,53.93409515782933,3.0,24.587074530119065,6.901017890898704,50.62769909704643,42.943128582145036,AI/ML Engineer
12.996801825264956,57.07833779854222,32.03134925687313,7.0,20.720355661378616,2.01802154097666,39.37388148251929,27.77904594624148,Frontend Developer
31.50866350528642,41.94101505880459,71.19869675851407,3.0,42.73631110250727,8.78060984680721,76.04953317048377,41.09189373037206,DevOps Engineer
18.97646051229049,14.056638417670001,19.815673080883638,3.0,35.496840578424354,8.20891421561759,12.3799238795588,24.841477593731152,AI/ML Engineer
89.89387913963964,46.693737304974924,50.376674237880984,5.0,74.81021413035711,5.252156841990077,19.639642726986892,60.410016679499805,AI/ML Engineer
60.71741655077131,16.103809553681938,2.272396627641948,3.0,25.993269091631614,3.005629409949041,66.20589442545241,23.913410602360365,AI/ML Engineer
38.913678495359946,54.48558065199664,46.42583850660823,5.0,52.37999984283142,5.938026087422127,35.20792924911635,43.592938455512424,Full Stack Developer
57.277147791671204,5.686027655870953,28.542001714280516,3.0,70.04329084692216,7.5630270833409305,27.66337959002401,42.60265886428565,AI/ML Engineer
62.83006998027771,68.35098557439355,47.08809668499467,1.0,27.815426542988526,9.687858450686871,72.69228590818057,58.37420129666215,Full Stack Developer
58.28557498921758,16.846365981601398,64.95760613603281,4.0,9.191046969856925,5.932166693130194,47.27789696551907,37.92785053836471,DevOps Engineer
66.0439247398978,54.82915940683102,53.38990238080428,5.0,9.131774459973295,1.8752806014438206,66.55084343914572,40.552629531457704,Full Stack Developer
74.06905055776566,55.82592390575299,13.06685729159707,5.0,55.42570679778963,4.454901981126558,29.862911342601894,48.98046391827174,AI/ML Engineer
24.2645893432438,18.82737699398621,54.15490538885122,9.0,51.32956274679474,6.907427785992105,85.08605570125482,40.28219726310321,DevOps Engineer
50.53375146140042,51.22406399947542,15.866050984000319,6.0,67.64787330433431,8.371810488222073,63.12726674822826,42.608262032585124,AI/ML Engineer
60.32324179689053,54.835242339196235,30.141791260356587,2.0,39.834999548571744,7.0607108181740665,69.90316556850587,45.84769911418711,AI/ML Engineer
75.70484943323991,25.80584400048471,51.29951739618521,3.0,39.95576688662644,7.77085366166337,27.418417699297354,45.46853990570098,AI/ML Engineer
74.37915156763385,65.82321233672889,2.409919501457739,7.0,16.128253482358705,3.5755150096864297,55.61977071878103,44.510574665122085,AI/ML Engineer
32.82569259241176,34.74229475058617,72.50458243669648,3.0,37.28911453127565,6.6218861370052196,11.824476434809771,36.66846415106577,Full Stack Developer
19.73487009880491,11.304248739632436,24.69221872810801,5.0,87.58017966785326,8.169512667045796,54.11634522793425,34.668544827952985,AI/ML Engineer
46.31474032469488,23.373841554951888,53.810989935623375,0.0,31.449402202918748,7.07208600601971,39.837795501820494,37.19560360948432,AI/ML Engineer
61.935388838751315,30.428496694029693,39.79633459680331,2.0,13.523872515275363,3.6996032281011733,59.75971085193442,40.447112888511874,AI/ML Engineer
81.31484108524042,18.50906646212886,84.88446574505792,2.0,53.44420520991989,6.787880189036613,22.6610174637353,54.164808553285845,Full Stack Developer
23.710104049170255,12.10475188462761,55.22062620515938,8.0,51.36879779185441,9.297711945498953,64.05555758577798,54.16185724442685,DevOps Engineer
11.183073445065249,26.358875091383148,24.66120739127957,8.0,53.80627257913054,6.220643097970981,52.67575314378104,26.36763984085853,DevOps Engineer
25.44546999109026,49.99859591269092,73.69699113058867,5.0,33.174546139352756,2.4258864713645796,17.113514640838474,42.731810176434436,Full Stack Developer
10.903429036346743,49.71682392679453,54.21361555454002,4.0,10.091759020740419,4.232170593961287,88.7009486175257,32.59184841708887,DevOps Engineer
62.54209541002089,21.85221643094093,67.01240764502204,6.0,65.26049519696983,7.019792149847193,51.46394655396686,45.468776950958095,AI/ML Engineer
59.96258752457424,15.40161163750709,9.931313550452014,3.0,38.549377217257344,6.317625880560525,88.99479225124156,35.718460014066586,AI/ML Engineer
71.30081778478727,26.478760409443602,54.54888226356777,7.0,52.75583536059221,4.533680718246386,6.242179701254962,39.99508738435096,Full Stack Developer
25.771649393752337,40.190070302721956,83.2043635427441,3.0,73.62593417715908,5.637135702893743,26.19206392270546,46.865443842227265,Full Stack Developer
73.84513797674079,13.588165444842465,72.74711573444642,8.0,44.218157934645475,6.049764931271387,27.964506601673346,48.646756075433174,AI/ML Engineer
27.78550266153792,31.71400430208564,40.386265778118464,6.0,49.41325174661587,8.890252628138622,63.97467119397534,38.42232212885079,DevOps Engineer
64.60135524451954,37.05543992595175,82.8133905265098,5.0,51.95852760172323,8.910896357322237,42.08412897961337,51.99169407682689,Full Stack Developer
94.59974594404231,41.736764633143736,47.366926216113,4.0,41.60864733384827,4.443419620494055,4.220181216460472,57.08156888278352,Full Stack Developer
25.23183961248256,37.16507875817337,58.90985803013129,4.0,60.46388329934251,4.446201842878751,36.42420151713616,39.11593874961508,DevOps Engineer
30.524797135361297,73.92513918966641,45.62863675147339,4.0,50.546168102109654,4.963445545431889,81.26911546731814,48.91684796632416,DevOps Engineer
31.204265936708637,65.02863774185877,11.460910921013422,3.0,41.29228842891842,2.488322175545611,60.06998303622976,36.59593277222914,AI/ML Engineer
34.59439213203081,89.1685865177523,67.14820112845513,4.0,63.49780128042265,5.29476260499316,62.35754929483976,57.03220515645823,Full Stack Developer
28.95870027675251,16.007515176628615,40.27235225292928,1.0,53.6361828999438,5.669665053009401,53.5181874061761,31.740297036394843,AI/ML Engineer
38.493073051839424,13.000192011831777,18.29215602640557,2.0,46.590459278211796,6.687347899642831,45.58693745624218,39.510460077726535,AI/ML Engineer
44.100316583004876,39.46797389981028,42.011995443242256,2.0,24.79356040760993,5.588051240098001,76.80687883602297,50.54950945547324,AI/ML Engineer
66.76358129984877,17.875815315107626,33.73502089764239,7.0,72.68206481137118,8.737928724633463,45.82131557917664,57.9971131228243,AI/ML Engineer
75.2567351750663,44.693722515048734,71.46339939385436,4.0,18.14337040288017,5.971315633013097,27.94025646584573,50.66950272341895,Full Stack Developer
71.04548871488048,27.62242714231089,39.416045707982576,5.0,10.417715492861083,6.228517652845086,66.57010200713314,42.58048963056546,AI/ML Engineer
53.211548518044616,9.991426150442525,31.058369403005138,3.0,43.15219836911207,6.671065294619689,44.11958903072477,42.27358990608146,AI/ML Engineer
11.636756017657,51.80074785655749,59.07290064652221,3.0,68.51316671960332,7.758792356631476,30.398336498494434,39.397801265123725,Frontend Developer
90.52065151803117,75.1710042858694,78.85412364750984,4.0,71.89188869249423,7.797321079661426,14.181865479871766,79.33425283340279,Full Stack Developer
54.29322838509264,32.658911638682596,38.36011069098945,2.0,80.07915588189914,7.115269507153814,16.055954512766775,50.746159330355745,AI/ML Engineer
48.730525897471885,37.08541495624064,52.74845794697293,7.0,36.88186785238506,8.2396759031822,72.49816527182222,47.01018955212995,DevOps Engineer
75.8105713561188,44.045231903202605,31.78746764573791,4.0,38.45413996334514,5.534059225376323,33.19994825480548,48.90151030026024,AI/ML Engineer
44.45357953168846,45.4162133138895,21.330261941920465,4.0,76.78707252968164,7.68332939941894,58.46345322068597,50.65516029437662,AI/ML Engineer
53.84560078685088,68.16374852596422,13.632829325271523,4.0,29.953501543412763,8.04115608596236,36.15818497754261,43.343554496866666,Full Stack Developer
64.70363110333803,41.458922750508556,1.2479080855023224,5.0,30.965795851036304,8.372145779221645,35.263598026491024,47.10690319029508,AI/ML Engineer
78.66440496929921,88.43384842514827,96.1025585620675,1.0,10.119876472869397,6.164807957122951,52.37215949935934,68.9337977354767,Full Stack Developer
43.5406324638227,55.31825353563284,49.785451389266946,5.0,57.16933304916514,7.965831346939252,55.72267909914894,49.93079676714344,AI/ML Engineer
57.412356273041986,14.340648532706163,10.571703473755504,5.0,21.591148991499555,3.041045307933281,64.33060732454724,28.424968911867403,AI/ML Engineer
82.68463334857131,28.736198624146613,20.636617554311258,5.0,33.346705315641096,4.673617258975514,24.231220161691684,42.37401997294603,AI/ML Engineer
53.84157591450814,22.57952304562004,23.237100140503138,5.0,81.66171688200986,6.663402495313299,88.79026533229406,41.529893378611895,AI/ML Engineer
43.84660794792918,90.27171838478087,40.50354138588057,4.0,68.3762746894968,3.2786560429355047,44.45913623619527,44.511701989914776,Full Stack Developer
56.862853529029564,31.283153627740525,60.452920807739275,4.0,21.01378089664857,4.232363207499595,66.18569014660885,40.06767954234784,DevOps Engineer
38.19918927016791,66.8753943540866,31.410435574062372,6.0,75.744434406181,6.637497876835078,74.96018801013315,47.58384348406056,AI/ML Engineer
62.54072744752956,17.482372318762998,41.84014409872293,2.0,77.68157258711184,4.28955419645189,14.547807191456869,51.93044964719217,AI/ML Engineer
62.673213305415175,39.625148654472895,49.92436562752384,4.0,33.25862794190324,5.845069418106036,82.50360349087117,45.75998862718777,AI/ML Engineer
66.630937095176,28.67800760235948,75.91287214446659,1.0,59.545722335017295,6.067348615303932,45.11723614071558,53.813870898316786,AI/ML Engineer
28.095870853556164,72.44593092597995,63.26962532013616,2.0,12.489673260364912,7.524624579115605,91.65128357051577,42.843197944578655,DevOps Engineer
52.293461076445304,16.53685303585622,4.849225896202673,3.0,59.558698321337864,4.792095108947143,81.7822060652421,45.334306889411565,AI/ML Engineer
65.49178659419776,17.142496619243122,51.56454969901233,1.0,25.01114698928554,2.5700884692663135,79.766819055965,37.376701508159,AI/ML Engineer
60.53928844694323,18.255173245493925,55.80159965931571,3.0,59.36583723671984,7.475551214740097,68.04139658505123,42.22030542438208,AI/ML Engineer
56.58887152983609,24.923060674336707,60.30736376628578,4.0,65.06211839634078,6.85471856764287,40.1003658304552,52.14825962505762,AI/ML Engineer
63.72158084982734,29.843841391200876,14.224383612308822,4.0,16.45172591009421,5.4964751810889645,62.02814502851898,38.395676727830065,AI/ML Engineer
25.70724820305853,47.56289446193809,84.86499282441345,3.0,53.97007001460834,6.008360783459567,56.567035346198026,53.11669998176946,DevOps Engineer
39.03902796292761,51.84152766357241,52.37210289588084,7.0,50.44565331767191,5.154961419356927,42.20944185531567,45.545578323527046,Full Stack Developer
32.92745877471373,21.90832571418329,34.10722398146767,4.0,29.39592196874147,3.3015133878334844,42.87229643355119,30.123513687999345,AI/ML Engineer
50.394932197821504,34.82094991762013,44.934703074696245,5.0,24.608010656739452,6.314239542584517,27.68874584243339,32.65604663037317,Full Stack Developer
78.05984126973566,75.01161756022931,42.3494340651723,3.0,18.465662578936026,8.34033078306917,59.210708641950994,60.617849285431745,Full Stack Developer
30.230519458253486,67.84598420671037,67.52870519584401,4.0,57.66460613909719,2.6740009963473503,15.02321635053506,45.64455168401087,Full Stack Developer
53.60483771266793,9.428645564860211,60.608764398094294,3.0,67.7220655377199,3.369769722924973,25.107215079855607,40.04070296522483,AI/ML Engineer
33.9402683906699,12.024624512280917,24.314096267512298,8.0,16.05627297103541,7.743208048316722,55.7732806148319,30.33096473055467,Backend Developer
25.38278928606392,20.102415229728056,53.6234857337268,2.0,55.64221439767283,5.613705339414833,52.96996077867131,34.606843496983714,DevOps Engineer
54.88959566318938,43.12221114911888,29.106078595091617,6.0,41.26867797050298,4.8260913354881225,37.14467458414723,46.83147944952571,AI/ML Engineer
25.39723687769938,31.181526231471558,54.97718705991236,5.0,48.90465933802409,6.540897987538092,70.87972968684116,36.12483069618247,DevOps Engineer
53.64097980226349,18.987466286126274,53.45844234849193,5.0,60.595741796710456,8.177777605571176,39.36184943084908,50.679203991577026,AI/ML Engineer
61.0053453746075,13.28344548621167,18.849874222907744,0.0,34.33055542557686,6.72628107852134,13.179578740692927,25.243627036293297,AI/ML Engineer
30.364701406930884,49.84122201802073,67.98829606996937,6.0,39.20607717485932,8.42817384280851,18.425209972676708,36.40522086325927,Full Stack Developer
49.77491302845803,47.83785984604586,29.315786913144258,3.0,39.283027398824025,6.154635480326952,68.67975734191101,50.443386399507645,AI/ML Engineer
86.51234303282612,50.026165460851736,36.70343622158349,2.0,11.39190302868128,3.2149657154149365,52.90858523183388,40.593609633573934,AI/ML Engineer
10.039414109048968,28.8723272166339,46.85542162790771,5.0,70.80948839745696,9.536578296426407,76.3921636789013,42.319213404974896,DevOps Engineer
42.84541429531378,70.0347043859336,43.604371394644794,1.0,50.85106370118656,4.532301976960459,46.172261700217675,44.88750051152927,Full Stack Developer
92.08702595119446,32.37867153568236,16.557376210731853,1.0,18.007524314244513,4.5235527116406615,53.32624129785889,44.092959293167056,AI/ML Engineer
60.201410790033414,54.844846472681006,55.19722443520596,3.0,6.426114754775209,5.600189001950815,67.6041010783218,46.00021280091229,Full Stack Developer
79.94123863868673,24.31404679422507,43.324766831538035,4.0,73.91828774990394,7.252290101674116,55.970562796201285,59.70044490337519,AI/ML Engineer
78.3312761144731,44.626173626557694,46.3610673306181,3.0,59.091056581667736,2.9527240994918453,59.626484605398986,44.613931057420196,AI/ML Engineer
76.3088655769636,70.8505858445926,67.18204983731347,3.0,55.57669653807773,7.901605405730577,91.88638615264142,69.01172583988269,AI/ML Engineer
60.525643029013786,46.670736912640514,44.79985465110777,4.0,42.00826895944164,7.460130224142181,18.050801625041345,47.59292961809604,Full Stack Developer
66.2681170490864,48.41703237871052,38.17241757571756,1.0,39.860887433862764,6.166210004915219,65.489931655711,40.23484198213893,AI/ML Engineer
32.560943303185894,23.10782113157352,43.77735172945486,2.0,18.188507272539862,5.347254461991218,76.03489322476837,29.556172376238422,DevOps Engineer
44.270305177869375,66.5061721214035,78.3972802324782,3.0,42.63020214558444,7.546809282893594,34.014052995107306,45.25099615646104,Full Stack Developer
83.074749216834,45.571418626664155,36.396336083363025,3.0,14.270673850895532,2.1564723624365403,63.842228344747674,35.96546526277396,AI/ML Engineer
84.61008110884276,24.2516517779748,48.80376871400682,4.0,30.839159467817982,5.820006595709,70.59791302340159,47.116013620072174,AI/ML Engineer
49.46588038166652,34.912886429201656,98.34937450992054,4.0,78.05930707955689,2.7141586601969103,49.116615463102114,58.91202556994429,DevOps Engineer
56.64418968939883,55.83123223243555,14.427476788218211,5.0,25.609980369357732,7.442762643840694,22.701522602772954,43.973862985956565,Full Stack Developer
31.898764219215863,63.493290203044985,33.83378638853517,1.0,35.08029000340793,5.071337548406838,30.56915714191596,44.60714723580724,Full Stack Developer
64.58235127978224,65.9909223551163,40.732142229039994,6.0,49.5387515534478,5.764690234269163,69.99566001604546,55.528635120074505,AI/ML Engineer
11.522725838500802,16.395643548218203,5.355200864134781,2.0,27.726727283617475,8.178800856629909,90.76917509483756,32.58819626794699,DevOps Engineer
30.57073882339377,36.62062729363601,68.54609388589392,7.0,61.026933724090725,8.012702312619446,25.2118800392429,54.40903450735422,Frontend Developer
56.766053920979786,31.78131130156034,58.51149482592161,4.0,36.47280806598993,7.239677584354341,24.590418357228817,40.5146302860568,Full Stack Developer
48.77603303776057,23.911154487543378,37.16561044419462,2.0,81.01711921845875,4.949166311100826,78.65927671557736,44.940782031744,AI/ML Engineer
58.09070843277132,50.86290248492057,35.34028664201795,3.0,92.19977211339976,7.4402518687175,42.22331747528096,51.26554389875275,AI/ML Engineer
45.73382956382508,75.18959269977759,66.87368919503781,7.0,47.82017558552723,4.787106746617213,86.71952722873512,55.57444871294362,DevOps Engineer
10.078670681960492,31.13555904008789,43.3841333709869,5.0,46.67379401675407,8.66158930975275,60.333857969486395,44.724812010956654,DevOps Engineer
80.45931163216225,22.907684275637497,46.069909385292895,2.0,66.07005516681605,8.988942727210889,63.83315156339563,51.48989440678262,AI/ML Engineer
41.80763539710392,54.09251959219319,58.33666010037455,3.0,76.53478088632045,4.70373863039263,14.822115254525858,42.51518046651573,Full Stack Developer
49.59893646166439,35.93549547372235,73.09838941467571,5.0,30.307862934621888,7.643993644944658,11.051984943807232,40.19435108305429,Full Stack Developer
83.97740574022772,8.664923666161306,64.27172003857842,3.0,38.66753300977615,7.351019722660111,88.07792958605167,49.44580248432676,AI/ML Engineer
73.38042281672853,11.491423551924747,7.2834493522233785,1.0,55.908908623424246,8.444932622445744,32.76181717192571,59.4321637318354,AI/ML Engineer
85.30052336646725,34.30794438062916,39.414170380278456,6.0,20.672704205399146,2.668042696065991,61.88164258415797,53.325987259415655,AI/ML Engineer
45.75103573358082,25.171092891532453,34.73825372252693,8.0,56.218818212504765,3.3525396213811014,67.85787319994124,26.496215891160134,AI/ML Engineer
38.062090981448826,22.530307496292533,53.35716694669702,6.0,51.051778130411364,6.820564163000897,39.4339261211315,41.2961630877462,DevOps Engineer
79.56633809041614,32.55957701000857,13.896181604512506,2.0,52.64316778169369,7.577472419681256,15.22734759926671,42.578447414156074,AI/ML Engineer
52.68662690392247,24.347647157348664,33.90164699804323,5.0,64.6675723396227,4.261518294370937,12.168761452833273,45.128138867489014,AI/ML Engineer
34.756033308921765,24.822856408788144,80.60847364609432,5.0,55.88384934191062,5.715939348667625,85.80793446795956,40.738747826450066,DevOps Engineer
88.86682353679262,12.030920253088002,7.887517633811044,2.0,35.19496274656223,4.482510867112445,81.923302153826,35.481748532956146,AI/ML Engineer
32.33680414044186,44.38637549997966,45.989061969854454,4.0,13.580315176232775,8.73342493381255,57.78113583228757,36.66193324096004,DevOps Engineer
44.8170287880109,75.95684501402195,46.599590052188006,3.0,10.399467307720945,8.302552461093548,58.018035665998156,44.19040724634527,Full Stack Developer
47.49291440889221,2.68120589151459,67.50719132193731,4.0,25.805017967048972,5.0478295174877434,59.525335650056775,39.68812078276226,DevOps Engineer
68.99984273431097,32.579629128249366,42.75526364966113,1.0,63.89264291134518,2.1582281249409254,77.88763567211826,44.64292672539269,AI/ML Engineer
29.7136091965477,37.59296776809984,13.775932736247952,4.0,5.860821440638113,3.394208129047644,54.17359081179737,31.011632915548667,Backend Developer
10.683372668787912,48.06344841213209,72.80238517416548,8.0,7.090138039505065,5.258806687713385,40.675311695465155,31.508265557294866,DevOps Engineer
59.66304041860167,15.334415923964992,63.642701827945714,6.0,34.606045303041746,4.899752095980835,20.266989525659444,45.96185069663112,Full Stack Developer
53.71890037835607,36.473791971200505,24.968617425037724,6.0,77.78152429005625,4.506457838611758,67.95103550225615,41.25576871094176,AI/ML Engineer
19.633333666828936,44.144682946671395,24.413837034261395,4.0,19.533569609814396,4.88031737374458,65.77363637767155,33.57214843639197,DevOps Engineer
50.27713715584646,61.60477444493806,2.854397496206875,1.0,6.192672951715746,6.971409608321723,42.38129819746385,33.33834873016003,AI/ML Engineer
19.030549187569125,37.24497630537801,30.500156374971297,3.0,50.47940857355471,4.123409654113111,52.598065021454445,37.06505726665634,DevOps Engineer
64.5177195805792,53.85057324898126,15.647342202067918,6.0,20.148461405674865,4.514221623602776,55.67225902974711,30.362148261565345,AI/ML Engineer
21.540149820982137,50.73420857571359,84.15843721271051,5.0,26.393971992766087,5.460588513333741,76.50444443856166,39.984270622852264,DevOps Engineer
61.38386446923649,61.735921304711916,30.883724679948486,3.0,31.923288801087114,8.17571439579831,22.376059486293617,53.750344777716,Full Stack Developer
68.7136823125997,36.772135994610565,39.3857791288714,8.0,68.78658375089564,3.245868722571778,40.280021675680956,49.00935526522861,AI/ML Engineer
51.22094850517559,7.508461336758507,27.310071599053202,6.0,7.610534816207639,5.398813992447682,40.49374937185629,21.46223460040265,Backend Developer
86.53478393927762,65.60052285480185,59.80166393839288,3.0,59.67711703764916,6.6085336699520365,86.53031452569573,61.57572764841088,AI/ML Engineer
3.7914992537391266,11.54106413859191,67.24711811215496,3.0,35.707758703002135,6.668379147918308,27.478689551303738,30.15955556641829,DevOps Engineer
76.82774455010586,32.438239291216746,55.65860828690775,7.0,62.892967084985884,5.831148109296198,55.04666763442875,51.50624175893565,AI/ML Engineer
55.237940151304045,55.87772473405064,2.777691368739713,8.0,34.474131067524524,5.348505515451672,23.727877735705388,46.912965397945754,AI/ML Engineer
71.3278531198389,30.96641741918563,61.902996602579485,2.0,25.724165047076685,3.349385516530057,49.39641067107441,49.41403097589735,AI/ML Engineer
82.2470382676776,75.23014453921557,72.08823047128023,3.0,44.277472535542216,6.911837201487709,77.11256173590098,68.66868128703341,Full Stack Developer
47.597449179676694,28.28350570508308,87.0917534692904,6.0,57.1211348980267,7.789718808321533,48.79870695216487,57.57185284323767,DevOps Engineer
50.647558157697816,41.62036585573164,36.542873453707976,2.0,11.073964575297744,6.705230334397583,51.58548490046899,35.83709035058072,AI/ML Engineer
84.77244759461296,36.51943044448272,64.70634837225525,5.0,40.703605307097476,4.5696661885600225,47.33319139038614,61.180433156808036,AI/ML Engineer
37.31048649771722,41.76974814291795,38.684398430712996,2.0,50.362809331088975,2.2311276368581816,42.16350638312779,41.75610850755345,AI/ML Engineer
62.62415038330621,18.036872592285853,42.4884369167839,5.0,18.357717880645463,9.394820326144682,70.89284563705031,43.18541129023086,AI/ML Engineer
61.86743579113904,53.92184459718873,58.998875850738074,0.0,51.03232599431764,2.1867521746787846,78.54831210287092,40.737814973642244,AI/ML Engineer
78.8461212222702,36.31254986229274,15.779123402935427,2.0,57.44055956670127,6.56315636124128,56.7193179211973,36.522411503735285,AI/ML Engineer
11.724717301450315,58.125217836238654,16.893651722852102,3.0,20.545238304456355,1.3618636734655047,37.07738622969338,29.836141560721877,Frontend Developer
11.786280962957324,22.878102607780658,28.71998751012614,1.0,69.30011444224078,8.875059770892683,61.48898719381304,26.61939438137314,AI/ML Engineer
37.57860755549277,61.662931566527845,78.11756119316844,2.0,23.241865557834025,2.1203276580477097,67.43906962263549,38.81692322839569,DevOps Engineer
47.04811096831824,8.686963078185098,55.04017725377977,3.0,33.83384367902506,6.716403402362296,46.25989636515258,39.745330047696775,AI/ML Engineer
52.54481654466656,61.70936111169052,38.95520698806709,3.0,39.18270745595145,7.235192316919747,79.92647941547999,43.431471286367184,AI/ML Engineer
27.905276825716253,32.66310457168359,81.90594146203512,3.0,66.94019561015477,3.0789391109405218,29.7682989792316,54.074889666716224,DevOps Engineer
9.075940245771559,38.07681487847666,45.30717241750531,2.0,54.39637531665361,5.135811506181872,65.17994727594345,35.42193226103249,DevOps Engineer
95.40739619121783,25.977329097693673,28.729212181914704,5.0,64.09153589682747,6.8563934111654,60.076719798297695,62.7211214423385,AI/ML Engineer
36.94574230278456,40.39544595133721,26.224313573456875,0.0,19.64590436221846,6.199376122559688,6.759941529421691,35.94636599752063,Full Stack Developer
80.08371825052734,17.770738112655142,41.65396193007009,4.0,14.260626465167858,2.948222260023588,32.66522484128576,25.853916253014454,AI/ML Engineer
28.56856637728248,42.91153771210057,15.12871268608334,5.0,53.85166099739418,7.272999655888995,25.089045994932967,40.821232662629285,AI/ML Engineer
48.09768034428048,30.79422942257563,4.236997385191868,3.0,2.3928192547822484,7.3990357939156155,34.70454112369812,29.731320873854084,AI/ML Engineer
21.427202548851294,46.09391192504078,64.50718963161447,6.0,43.54549590987532,4.82444688691407,81.74152507002373,42.38266530988015,DevOps Engineer
89.38300813194259,26.409312419418963,89.68615075867355,3.0,48.117606817533776,4.2041656640815,65.50364288997268,57.150528141498896,AI/ML Engineer
35.12281619234551,55.6409769508464,77.04771466618503,6.0,41.330245841165315,4.848935377046699,64.41165489070517,54.008683072889355,DevOps Engineer
17.1891856142796,79.03945687043868,20.556255929627344,4.0,73.10713241226232,3.375513417497155,22.522809190460205,48.883196797315605,Frontend Developer
83.21817539114691,41.83201601585394,70.78798933827838,7.0,69.83357810302752,4.126452785996371,25.56590457053794,53.20832246740928,Full Stack Developer
36.388660471455594,46.814637945736166,9.794013805833252,2.0,19.32484008988802,6.885440189299359,48.08766896587371,33.504257811294494,AI/ML Engineer
79.34216218525127,22.34562938558825,55.91030477329787,2.0,79.94400032207902,3.925960664146613,65.45232308476537,59.89100982640942,AI/ML Engineer
49.81480231444386,35.98391172699331,38.11082283424952,3.0,61.69463053234854,4.089677216887542,59.761230824831614,42.16198300517429,AI/ML Engineer
8.09146837188429,30.52803087192754,18.936541415534016,3.0,12.262962905116908,6.49522379988408,48.363591118222324,24.23670707545494,DevOps Engineer
83.83419756494335,56.94039511131814,41.57676077041719,5.0,23.3453140202642,5.861840350757679,91.74588439001936,56.12050097857041,AI/ML Engineer
32.86662908569646,40.935450272589094,4.654991775311452,2.0,77.36060391208632,2.2222443893809993,35.00683355017631,44.25252496250535,AI/ML Engineer
58.45029033063914,11.184286532485821,30.179982327937203,3.0,68.2465560638423,7.471991230477615,28.408179546689055,45.74760871852354,AI/ML Engineer
53.562899268438905,26.268755336995568,35.61377421219306,2.0,65.16790008936172,8.71790378687726,73.6481740247997,57.5151408740688,AI/ML Engineer
26.189726737412222,86.90661885913227,44.10419637614174,2.0,80.04928616601228,6.204069230523045,49.88179397030756,60.96792639650716,Full Stack Developer
78.91625224328321,54.263223603538854,2.275920526268732,1.0,52.485651376250594,8.656895301248497,13.997904581260537,47.51752591520095,AI/ML Engineer
82.81625731707658,6.998353052634204,20.957603664812908,3.0,69.15022619955784,5.480004506547184,28.51743142259276,45.52969219260218,AI/ML Engineer
27.60926416523228,57.802920541675164,36.81827057558717,6.0,8.66233393619546,4.052525699609142,64.76637796192831,45.83661250666469,DevOps Engineer
46.205559313594456,26.168792632324685,95.27870573820972,4.0,68.95770219474777,7.010790210947758,70.98554408014198,48.27203276472606,DevOps Engineer
44.79835742146222,56.351264751758855,29.29569058023859,7.0,30.42594477334855,4.799122252230564,30.01587345151201,45.03356538326918,Full Stack Developer
50.971396002717576,58.356658419161064,86.88187176925655,3.0,26.617354788496822,2.4883725438430075,81.8999102224223,53.37830762998319,DevOps Engineer
48.93607003779985,30.332077631018134,77.27373268120681,9.0,42.67695324244586,4.8551458731920745,30.138775609033818,45.773114975122056,Full Stack Developer
45.830235093098906,62.38606006872889,57.81823858424382,4.0,56.69740364097508,2.9645958529759424,28.692378989077312,45.60919645788523,Full Stack Developer
49.21865611786138,39.88954785387428,7.731161268960947,5.0,68.61645164779736,6.144105553737634,10.631420863967053,39.69434474221309,AI/ML Engineer
73.94890316182212,31.48844144386548,64.18641113442212,5.0,64.66094428947335,6.090053075225387,66.15492917128219,59.52205129598098,AI/ML Engineer
51.76240674287255,45.89571313613342,28.57989589726419,3.0,30.27759879358991,8.17118806368912,66.69846256539114,51.319301665148195,AI/ML Engineer
89.3998516365248,39.08784829287935,26.272861570963286,7.0,44.097829822939445,7.830318949621099,26.615446603616522,57.07929826137145,AI/ML Engineer
31.9925352663655,63.87140292510624,81.90909936401296,3.0,27.746562659252284,6.704212227220631,83.52133800653105,43.3121936775486,DevOps Engineer
70.86819455678194,29.412010318697448,22.926996720699375,3.0,57.04404880870716,3.294494478111286,46.081220906735766,50.22293394615948,AI/ML Engineer
47.88935076538158,19.712669799919606,74.3498005304166,5.0,49.76460911047395,5.209240090761643,47.52388229877072,50.58210410096349,DevOps Engineer
42.58349998728921,65.66761119329655,32.33768439635845,2.0,25.459262908831892,5.716753186210928,77.43182860165287,41.80927625620783,AI/ML Engineer
59.18415479697096,53.76705510714438,49.48259443369473,9.0,33.92293003607276,5.600444381228869,30.660794992384975,46.42137924520699,Full Stack Developer
63.44353524174821,39.771435515206626,54.58987256758326,5.0,1.3519389116972047,6.70142132209102,41.4787995019163,38.940900440843684,Full Stack Developer
67.35104859267678,27.419199688664726,3.556044114808031,9.0,18.88934962839922,4.024460372197969,32.790738540161755,41.22409427422242,Backend Developer
62.99678732266201,47.10509224860994,85.58356745198617,3.0,17.345173184013966,6.815566433172928,72.97390961392017,43.176881143751174,DevOps Engineer
73.38323225712207,36.36071379978949,26.274505888625015,7.0,44.67478447320968,7.316091487564619,89.79873867457391,57.06072398728669,AI/ML Engineer
66.79235875375754,53.289868748436874,13.778215373885768,5.0,85.78601838006492,7.358200498312234,33.64986924302609,51.57474393173361,AI/ML Engineer
87.11449989818371,15.584720752910656,32.39165072055775,5.0,58.437836380579085,8.265916949219669,44.825842080386614,52.951729068091886,AI/ML Engineer
59.578141191641464,51.989165170364245,64.36596483861861,8.0,64.07455464216581,5.024241849510065,44.66043556671284,38.70881177586298,Full Stack Developer
62.93295674084863,50.702901746690756,41.77456923915635,6.0,55.48126605147675,6.70981524335785,38.107753105864035,43.21070742477904,AI/ML Engineer
43.99445010329564,39.16484063160521,40.040171458446224,4.0,53.544351605003136,7.200431233429711,80.50145911958487,42.69791208644456,AI/ML Engineer
37.70991326009653,30.83876288876854,53.32977274736271,5.0,42.204878895705335,7.9206733851677,25.22786012972405,37.04553146452711,Full Stack Developer
22.338086387353783,26.293204708009828,31.71374097555384,3.0,48.98641599083926,4.705499078626549,91.34209216475051,37.512911047661234,DevOps Engineer
53.74013821959479,20.726023417718554,49.79459614475603,11.0,40.369659147530086,6.366559009676979,33.36960060944219,46.1559235972497,Backend Developer
17.39437959214352,57.07091028587254,8.26294491363343,7.0,12.701787738996767,8.062496923663486,80.57795950929139,44.16919895436695,DevOps Engineer
72.78985951732658,53.866278571453186,39.251163318963215,3.0,23.573614050376758,7.943658372700238,71.32179554137214,53.970839605466814,AI/ML Engineer
44.25551990625664,45.86211128090409,73.69294903456297,3.0,47.05754181325367,9.76833499085394,21.32050683137081,47.43282987591619,Full Stack Developer
32.10021571020235,69.66057900069214,43.43402393831114,4.0,33.088057544826746,5.514677708110875,36.958158432714264,48.914800322256696,Full Stack Developer
10.39232217181288,40.315730309011606,14.392272609478251,6.0,45.078305637144624,6.516217903622355,5.97526700386363,27.081477254946833,Frontend Developer
65.83114587026468,39.39446960416627,33.529838806048595,2.0,23.1755580968111,4.237792497721193,20.228587433310146,36.489270798569464,Full Stack Developer
66.42105494441304,35.088325586012104,34.39662402951564,7.0,90.79704341032885,6.303912777390882,63.52017474204147,55.39251522106749,AI/ML Engineer
56.56542797704485,46.764346476298456,9.652082633311862,4.0,40.784801780852526,4.228974577309606,55.39130802358233,48.15425975290779,AI/ML Engineer
39.859685793259644,63.417208236925006,8.174565679055808,5.0,40.9201555611797,3.397685863196317,64.98384693434625,44.41470289139654,AI/ML Engineer
58.11967403388727,29.013379882452572,21.684390797562916,3.0,46.816898242397265,2.7301240499934174,62.439381143712524,43.059280142950286,AI/ML Engineer
5.239226182610258,43.626998555273,64.57678698357834,4.0,31.530288010534257,9.201713913127245,45.0033828598166,47.705713740401706,DevOps Engineer
47.4229734262051,27.287449841486776,79.1389394004735,3.0,38.79159789031415,6.982603634520438,39.237422279731895,50.428181999629345,Full Stack Developer
76.90251628507679,34.54989652707848,62.28105519182138,2.0,23.65625786586963,3.5153529142281448,43.67186340196994,39.582882360163545,Full Stack Developer
14.390843033751558,14.455513088240629,65.62344684645393,6.0,11.926470075432652,2.831499543147234,24.004795975139455,27.844654298925718,DevOps Engineer
16.660323936519863,12.581212104214115,48.48040689750561,2.0,59.78446380842224,8.365070599515356,32.11269263531291,42.007550059167016,DevOps Engineer
43.81252086305975,39.60668723608698,28.370901418159082,5.0,75.90887274376362,4.66107719423083,12.803831964154908,34.726577201542,AI/ML Engineer
26.613869906336983,40.39240431546231,30.41311758092596,2.0,54.62174454760653,6.514435223781376,29.209319006132304,36.38522793351092,AI/ML Engineer
67.73728338410085,30.04136666018693,59.64955428312897,6.0,12.79944936432601,6.453080399376146,25.93034157614511,39.22028534653071,Full Stack Developer
24.17552972392974,49.6320322228237,66.06385823698814,6.0,33.967367762792016,3.439946294562271,17.746534133864042,38.94459520389597,Frontend Developer
34.23211214102327,33.136196232180154,72.8469058020695,3.0,44.64653994950577,5.689474808210491,23.09980851340564,46.82992725175322,Full Stack Developer
38.325533468492196,35.32586045740512,47.658508267683445,2.0,13.85019719814837,3.097399122458566,62.07963183756823,39.78792365254847,DevOps Engineer
52.158089252353044,18.8727697422092,41.33953117534528,5.0,52.646444783947786,7.297075089561051,72.87098052797185,43.43166276663504,AI/ML Engineer
27.980948616120777,45.285827936242875,40.326759760418724,6.0,36.33395380373798,7.980968630782939,61.986278493615345,44.938731545429604,DevOps Engineer
55.467206897611675,63.31128192083273,55.90414072684015,6.0,31.70187301219127,2.7637339221509816,55.46090435080628,40.686423038603195,Full Stack Developer
25.95352659190584,41.911189385636185,59.356271130360824,2.0,7.549530745762111,4.4560801758066875,71.90236076168772,25.21542890106352,DevOps Engineer
41.370846943377735,23.630265995686127,83.70521883443892,7.0,46.153925502603684,7.491304110035909,37.38645987905457,53.006240372387914,DevOps Engineer
21.307847801361646,34.991222145271706,23.341924421747656,2.0,46.138395548129914,8.381389179765208,57.209161663616236,19.856764003952094,AI/ML Engineer
78.22516653606242,25.900385827576635,14.470261464699764,2.0,35.07268780589939,5.301877977393135,83.60915836262268,39.213517578684296,AI/ML Engineer
64.14827692413036,40.521096164887986,39.47737538815852,3.0,54.050664248885006,3.581641545327288,57.8859784805417,49.530969467144786,AI/ML Engineer
35.556775844708454,23.41981296490129,25.850850057818064,4.0,65.45150350274798,6.411220392737502,86.92388807301845,41.12903164719998,AI/ML Engineer
89.53592396395528,33.234940698743756,68.32838469646984,5.0,23.524532930159697,8.990679571883653,65.60397826923801,43.39864000278246,AI/ML Engineer
35.12358375581899,57.04281428890753,63.99136244355319,6.0,19.723079551179115,8.561851959687871,27.5798209735527,48.315758687429685,Full Stack Developer
43.688926288279866,29.890236278905668,9.556219664104148,0.0,57.92060961866606,5.898851241787889,39.63010340878198,30.595716214793846,AI/ML Engineer
30.443428075377945,25.819932307746868,32.85161482438282,1.0,30.755118708012574,6.717753203739511,12.751832336051235,30.775275684380937,Full Stack Developer
21.975449923865998,41.276966213935296,10.42137234245,3.0,38.48950626529162,3.7786105204873923,44.1936823787428,25.45418446799924,AI/ML Engineer
20.670740350768526,67.57151267834936,50.4964126406274,4.0,76.61413522006211,6.954435001078014,66.3462103274262,46.55937775858559,DevOps Engineer
90.8851409906,69.13122871526986,66.39939606676079,8.0,58.19348783528356,6.968614294995516,21.01520850639692,58.25768698913345,Full Stack Developer
54.08422039729282,23.158604809264425,40.760645295774296,8.0,22.57091452277637,6.553565222262457,58.7571691146241,39.34879120516859,Backend Developer
34.06856333302326,53.84071561791755,11.192930874460526,2.0,29.372387655749634,7.186373479454323,84.17280409316226,43.94603925490544,AI/ML Engineer
30.090826750430423,22.43525397048012,53.625711775385994,2.0,46.14498782059671,7.055072219486377,62.87836895937588,36.06117277574326,DevOps Engineer
46.92500427220121,65.28663384613431,39.564760552571165,6.0,48.56522732802126,7.661411887333358,34.73448910818358,48.52025971387842,Full Stack Developer
78.83991891116665,80.42936277303858,42.502800162136204,5.0,20.70817349759821,4.871186975492712,7.380908988940112,49.49518676316966,Full Stack Developer
19.214355062078546,57.246248051864555,76.70061734986668,5.0,59.5258325104982,1.1700541451215025,74.29654882169473,37.64110085818895,DevOps Engineer
27.985546849596492,51.23955113961086,47.51591468398887,2.0,62.018098796001766,6.11496015509031,66.19608784955685,39.1102511827523,DevOps Engineer
44.83473737632179,31.79621502569061,7.933287882860114,7.0,55.57739747576219,7.15649285399929,17.98696145074445,39.75826345355707,AI/ML Engineer
71.17452631475817,41.29785803585844,13.743800979589057,1.0,84.6671839388711,4.885461215429274,93.53422554810855,63.17325903190214,AI/ML Engineer
13.174535263381749,75.07091678623414,93.70037660626774,4.0,58.800371256830054,7.886702673141817,35.364345171325745,57.71554412473291,Frontend Developer
63.93250995572812,34.555982188518186,75.78759344712117,2.0,16.716886856672204,3.348224254517861,52.15036799577485,46.82593030661885,Full Stack Developer
89.6655884876488,9.448103887612476,54.03754413412577,7.0,21.911719542805812,2.81246741208981,75.82421848829598,55.7595658211647,AI/ML Engineer
7.191531527381328,42.69985292030263,16.04361232578893,9.0,34.63532099795777,6.130824105491155,69.77834588373051,34.39907657484131,DevOps Engineer
81.34746991663306,44.6580123109698,59.94413381838978,2.0,21.336665072231455,3.7800618125390963,16.578439162400468,52.4427131206002,Full Stack Developer
92.94185690817702,10.922206136692969,62.31553345524284,3.0,53.755923262452235,4.788740928546438,48.38908528872064,52.60844400526459,AI/ML Engineer
46.11593017144682,3.2021532164140822,33.05767782018519,5.0,25.72442533201866,8.251335110034614,75.05810600002381,37.751080654183404,AI/ML Engineer
82.91351708219946,29.32618751737265,24.435505906343845,4.0,28.96429368377087,9.57960666678606,66.66257661745466,42.47379157451931,AI/ML Engineer
77.18047730402238,15.917057582112918,51.943483189430054,1.0,10.80836944447799,6.6928030240099226,68.6286114878206,40.965690959387075,AI/ML Engineer
54.271158878796086,18.843822898543362,39.00959126802072,1.0,73.07439100131667,9.466435664666669,86.19153877210783,45.61554580632254,AI/ML Engineer
71.90462274311096,28.68684282656589,49.26044548196888,2.0,39.97189868721554,6.887076494026207,72.21702722099981,45.521480351157884,AI/ML Engineer
15.02994273705999,34.87691401976723,71.70532005691985,2.0,80.3319931946142,5.4195391198898255,97.56426954159191,41.46791945787179,DevOps Engineer
32.341308587393016,53.98590194293518,31.334253973707714,5.0,41.86946142589431,6.444821022503836,22.264825162082257,47.07617960059582,Full Stack Developer
65.71310072057823,55.144099831267134,22.30315661632107,6.0,33.11120896223872,8.409838005469945,39.463132431794094,47.30953697320943,AI/ML Engineer
12.792029335088268,28.940939706157202,7.599957293857315,2.0,52.978607554892044,7.047407801176483,27.546666300565274,26.775426658486182,AI/ML Engineer
31.63674307718198,50.39620662884579,59.777699849108025,3.0,19.534720658577655,5.9695000970968595,67.14840661940997,52.035911573954664,DevOps Engineer
31.634265436667686,27.451091110884885,30.699926800346915,6.0,22.735421611067682,3.01243108496079,95.63548680516377,36.08558217566072,DevOps Engineer
66.75405487831341,64.945964680945,49.908312380319934,1.0,71.54893819385407,7.879471629662495,11.180817674531632,56.87461016836824,Full Stack Developer
69.72213586803022,55.004073895432136,37.587027644548215,2.0,63.30787895600418,6.57442549002638,26.950713491775474,57.77949309869636,AI/ML Engineer
70.8901038784806,14.670772815971967,75.13959009833894,6.0,34.98814485573247,6.717077430996991,27.03629829180474,44.89917459854907,Full Stack Developer
7.955404317631301,38.41773122998823,58.27148433464152,5.0,24.614688134620934,7.7605170213594965,17.01484370475839,31.0932885288221,Frontend Developer
38.23126086294686,15.30035611984379,59.88145581617468,5.0,80.04965834663267,7.572187866097164,46.10961252494683,44.176910401689135,AI/ML Engineer
45.15093465226632,46.94424002940586,34.06360174241303,1.0,23.266299238113646,7.170439201275731,82.46746964880516,42.317654780775015,AI/ML Engineer
93.08246763244081,89.95592212999166,14.194779787938721,4.0,52.893291666978506,8.886309810648767,67.50937330085789,67.9203584574889,AI/ML Engineer
56.16474646889134,24.31232189498631,30.69572069834081,0.0,57.65392545625223,5.5058135915773,20.274448915139285,33.92956226184267,AI/ML Engineer
59.850153199643415,42.475535874316556,51.66032809344411,1.0,22.408424041416865,4.327842822988958,77.86899399961126,45.324193992760335,AI/ML Engineer
43.03755421497313,39.653063445595365,77.16711526994531,4.0,39.402981369291844,8.009158045299273,39.22511301003265,51.16819903400293,Full Stack Developer
81.09907648537244,26.28424387525517,95.23311642800908,4.0,45.19431010216836,6.587162100307196,21.611034193593152,53.924945983891064,Full Stack Developer
66.50611560854254,52.21195498199806,19.19547599426985,1.0,53.776915865367094,5.030392246246757,18.92355646464143,43.663711679972344,AI/ML Engineer
48.15563961111986,90.76933490467638,25.392846438774914,5.0,11.697756270082904,4.974957698009369,26.51114607761642,38.87212759545841,Full Stack Developer
65.7295761735163,31.569720372628357,20.023652739687268,3.0,33.89609440768456,1.6797801766977416,71.83132824460314,30.061074980565564,AI/ML Engineer
59.52891973150641,30.67975902819876,23.496785706412158,1.0,58.198352974162546,6.593857609551794,89.43900190868713,39.10265197327233,AI/ML Engineer
78.74355383642262,70.10756212986968,26.031454520862134,3.0,64.98727880918031,7.422856053809905,61.43791023466936,62.958147307157176,AI/ML Engineer
71.33367693549889,33.58266750184109,81.88217500575605,2.0,56.2509196196033,6.492607996116194,36.7164268872051,57.213441413950534,Full Stack Developer
28.41603822188617,47.72134965983311,87.7913551155243,7.0,4.7682304908194295,7.058116992551582,73.71912637916897,54.414011964549545,DevOps Engineer
68.38032456879097,13.57082839399565,79.80139345086592,5.0,63.752671856319665,8.462616311953383,25.247591130459014,53.75873503190194,AI/ML Engineer
36.1450774575139,32.570442518467466,53.07813648494311,1.0,31.11078580617518,6.215091554119728,24.55695284741772,36.38018507834168,Full Stack Developer
45.67650959662863,11.577949607263937,49.58305012575979,6.0,11.964167701691796,8.131122503731568,54.17517153843211,38.49240208878634,DevOps Engineer
74.86925883123303,25.533177459636036,21.040757935041135,7.0,58.4424527416865,8.438818273819034,48.934619953358236,44.79718411009864,AI/ML Engineer
54.67962240152019,26.193057530122882,62.48201710436172,3.0,70.79234218531046,8.184565568950553,71.97429534139424,56.6999757113454,AI/ML Engineer
40.76982388205725,44.94564684016718,77.59178391916552,6.0,71.32038511385544,4.266250465617333,55.15616893158535,53.45289266203722,DevOps Engineer
27.613856387136828,56.481719213695825,59.36593563698304,4.0,49.77917742744189,7.291208730736454,83.93749275509293,43.322857122849,DevOps Engineer
57.0938256118391,47.30179551031972,53.661909135798034,3.0,47.47737058423599,6.130094663023572,21.237796571386706,49.455057042373916,Full Stack Developer
33.907912897112745,8.124682977905186,46.09926759379466,3.0,36.28014418446094,5.769951614317675,15.463290126436698,34.29425504099031,Full Stack Developer
50.26023225913744,20.907612302421903,76.0753639051251,4.0,72.24216258236073,5.380969763556572,56.47163280052106,42.54147213893003,DevOps Engineer
80.17191301840882,32.000530162183374,62.394367279685405,4.0,61.469345152369314,3.6929075258408157,3.2736436252846417,56.16575292190671,Full Stack Developer
21.550807152666003,39.94506896623024,44.150705671932755,6.0,45.53131190769214,8.371841245054153,44.23560623776435,38.16142822592339,DevOps Engineer
35.555485860303506,6.657370421394034,60.12029466701472,4.0,2.721722768621663,3.0162125170623972,37.06215741870672,11.164338918984265,DevOps Engineer
79.55277056376727,67.2650281646668,30.760675211349582,4.0,71.2261396982911,8.182344409969,51.032592826349656,66.2330124518238,AI/ML Engineer
36.123312521442976,27.442948135583883,55.2784543496288,6.0,10.888667714329122,5.77322366288956,50.332503930932596,42.44800805438066,DevOps Engineer
25.795861704635197,22.091580665719228,24.500625081134096,6.0,35.69464831795898,7.056287719545064,6.462026455922263,24.658232514901542,Frontend Developer
38.518244208700466,42.34908552841004,81.03044122836171,6.0,42.46052991369787,4.990888433520849,61.49792000477519,39.333754100764196,DevOps Engineer
74.99951721241692,10.659077213918316,18.055820304136628,4.0,7.66955350660036,7.084150333733729,29.432455790796634,41.93556640627133,AI/ML Engineer
50.65035723186476,14.632360995956105,47.27400946628883,7.0,37.76559177110169,3.5837312685865013,31.148916937322614,33.89937183237248,AI/ML Engineer
32.86582123558098,39.02451486691736,54.750641370493135,4.0,19.94956232152806,7.475722212683013,69.90383735222717,46.92171535388996,DevOps Engineer
62.114861755770875,38.43707202284371,9.601060919573918,3.0,47.06657912401424,5.82481237151579,92.12628015083962,34.68759295341675,AI/ML Engineer
80.39613281798178,62.70838888985336,27.898294230337463,3.0,59.862462361218604,9.0604225779375,47.84785539016369,65.78342041997767,AI/ML Engineer
44.94241015828469,10.101373199905538,77.18057217225638,5.0,60.01341698408738,4.040342973673327,29.57982105471962,47.221071056299074,DevOps Engineer
28.250304360678907,69.5657195611075,14.554354262154835,4.0,29.77273919574169,5.315048907322456,41.201915814468016,39.70274660187637,Frontend Developer
62.804287708649085,36.38633870539808,28.68180582685278,3.0,66.26333498674872,2.2885408815589576,66.29348580248316,34.3020364678881,AI/ML Engineer
43.796543748336696,26.715863390313892,71.18131409168853,3.0,68.5084042498616,6.211756981279716,48.06884225963672,45.548932476466106,DevOps Engineer
30.129678575852044,35.380036716478,50.567673805558776,1.0,53.993920244312946,6.611186438971729,42.28141596393765,44.55548679669638,Full Stack Developer
29.222327111208717,74.98824011355296,36.499909947798734,5.0,50.92289334860326,3.6690618497310172,5.104930698110474,33.405965151459434,Frontend Developer
34.17393089204338,33.00298431553282,20.246173850957813,1.0,32.09723700512001,6.735325464083667,71.73048122508338,31.205703857743536,AI/ML Engineer
65.50724704123577,48.498103937507395,15.589145993574856,2.0,25.994862129037866,3.5060734907925353,43.95895636430298,41.000299766329064,AI/ML Engineer
53.256451916194536,15.493185293751633,90.49420349231929,8.0,73.81146968070514,6.578057863003411,82.33106324724056,49.95834710394743,DevOps Engineer
83.0109690303536,28.929630061295867,69.32475048709018,5.0,32.87700795335658,4.004110576785596,7.57849256137101,55.25447862349377,Full Stack Developer
76.43679041873658,58.66505204307052,46.48197424299105,5.0,89.0428191085459,7.978276447500284,24.332988581234112,68.37888998651913,AI/ML Engineer
27.36357123505811,24.607096174212238,33.75297025272999,3.0,22.803065173307797,2.404220866692336,95.69639630247293,30.145713007962943,DevOps Engineer
22.42209398543908,55.10735318705492,85.79121687458553,1.0,85.99996715589702,7.76452111381619,43.48041803242595,55.00434254422658,Full Stack Developer
23.501255385880693,33.69290586964971,67.66324373966788,2.0,59.42027865451765,8.453898583675008,61.849822384335496,41.52044330927262,DevOps Engineer
38.943552349857654,77.66304115986179,5.768906684811488,6.0,40.16529089600541,4.6399544114847195,29.245019250803324,44.20937131949817,Frontend Developer
73.54972625790981,72.98972877534885,66.6644496415851,4.0,50.012045358467674,3.4079058118043504,47.90532741020641,55.301426201849615,Full Stack Developer
91.14536309045255,47.982873948044826,0.9190065424620719,2.0,44.91067887284351,5.875505925962736,73.98302960147437,48.84811953619048,AI/ML Engineer
57.48717335528014,15.251153411447255,60.07311441163784,3.0,43.2509027295609,6.053302608046842,20.65790317020913,39.044780003330175,Full Stack Developer
29.522502386310016,7.2830167752883685,55.3701101509134,6.0,22.439080166911403,2.643063779522283,32.43041267274033,34.95081976405061,DevOps Engineer
67.47883889919983,12.655053867473676,12.278405317252686,3.0,9.256198014259567,2.803492978936497,23.973869989433965,34.16839087787286,AI/ML Engineer
68.42442031674932,26.38577388159304,39.278109761231185,4.0,61.49567083280159,6.582091149688111,25.971028410701045,42.362742551963436,AI/ML Engineer
80.97411855179536,57.121065887172115,44.87878590374355,4.0,64.85402324090437,9.075947804932241,35.31757246919818,67.6576136343713,AI/ML Engineer
49.62869348235341,20.19351588242073,20.990434534263102,7.0,37.2454420691148,2.1932326693681032,23.279240887362132,28.048363020146226,AI/ML Engineer
6.514918374920542,46.36536957559808,6.127649830685833,3.0,34.913414759197835,4.618715526359044,51.35037224691597,35.008547296306766,DevOps Engineer
10.102041317951878,28.36054629408081,71.02035957880678,5.0,68.20464089072173,7.205867712389251,18.990498681664533,47.59151524388916,DevOps Engineer
31.900726840444737,44.57234710697344,89.72703194932392,5.0,62.410067039070846,4.092554543040501,5.269833428858848,57.530123815802895,Full Stack Developer
36.16333294756584,41.77334280189792,54.18610674111738,4.0,17.808983080702575,8.330814363600195,21.177145171304556,41.0491623502365,Full Stack Developer
72.90431006850271,27.140808897539483,7.238534336108191,4.0,70.06717836562673,6.2559165021701,10.524647865817046,42.62980301112462,AI/ML Engineer
25.793960523752794,9.976397573162904,3.4813764117675055,2.0,55.70275381926372,9.021753399037442,51.51986767869451,28.405319577515577,AI/ML Engineer
76.71267490822325,30.094312614654022,30.306138145358076,3.0,44.295068432762704,4.831105276374418,40.58304765804369,46.62337895937825,AI/ML Engineer
57.78914984572866,45.278048554299616,23.78755756211979,2.0,16.087313439589725,4.449744365308957,28.700813134124765,31.298825233404933,Full Stack Developer
37.21305088919025,31.698042537680955,53.057571790450844,5.0,13.705934122841187,6.18454606353769,68.37954109620873,25.71275471964807,DevOps Engineer
63.492054547176615,18.855471769625424,86.14356537583112,3.0,58.40636211952594,5.616069387770785,46.1038157452872,48.74953558719848,AI/ML Engineer
61.06085367168753,27.745696643328216,26.25308640713199,0.0,42.339970141862,4.1780817833767525,15.780221493132343,36.27504365535158,AI/ML Engineer
73.11883056721217,72.1145223809599,56.00495774029016,7.0,25.530795568469987,3.345702968338214,50.4201318437884,57.077317354727036,Full Stack Developer
57.59165094548548,47.64340151665032,6.551426307947901,2.0,87.97898509781727,2.7355341329673415,71.22493419897438,47.389057644362026,AI/ML Engineer
63.182173639696174,35.727148261206196,28.528483448196628,5.0,73.09926626754759,4.593909828235769,52.187387578269664,48.592551485496855,AI/ML Engineer
18.8458728496017,14.363361047353088,29.504987303067036,3.0,17.35734731018513,5.970151687562975,33.874102516134705,29.624701772057037,DevOps Engineer
68.14409638837604,52.97346185613917,21.298141085242257,4.0,13.476534190524516,5.409642721617795,51.70476449558772,38.47868779534803,AI/ML Engineer
53.603267387993284,56.80882387742986,32.98108614516749,2.0,47.99121820394648,9.120726075550792,35.50579448456285,45.44432055159855,Full Stack Developer
70.14772680975129,58.23098821376939,63.107396422651654,7.0,57.01941206039237,6.0134758498855305,48.31879543178167,69.67743907752558,Full Stack Developer
37.417646361491904,33.292080742027494,80.52358905721962,3.0,68.45749462872405,3.9192501202611574,62.71449814423746,30.996118729126213,DevOps Engineer
75.75970347019161,78.71591080085727,50.617840256968115,4.0,50.92754454225754,2.6000294069871277,25.28062733712872,61.37413563120231,Full Stack Developer
64.21159219109678,52.10379892573581,57.17046624088439,3.0,51.344470990688826,4.41250272284136,73.06831250361516,55.133865984893205,AI/ML Engineer
54.68599115966045,25.01693137052708,79.15740310588916,5.0,78.04615723938764,6.0418370569015165,27.9101771114588,52.185846307149966,Full Stack Developer
27.0073341429379,22.28336517044089,54.34725667716268,1.0,90.73987629331597,7.98962825542615,43.436044649002994,48.113860328292645,AI/ML Engineer
37.539054833687,30.232604729436694,30.315428947538532,5.0,59.224754904657885,5.953682714862147,53.89817044878601,43.603366867375584,AI/ML Engineer
63.981676443710015,31.80225397136776,31.33733880703378,2.0,65.02517271031036,7.834927745132756,20.42642587514778,39.369998670276765,AI/ML Engineer
57.291239428852904,21.367557775367967,13.749716368089684,4.0,11.001001061868973,3.9704566093934885,22.430188229957963,24.5312895382459,AI/ML Engineer
39.8306501230623,64.44658421424371,60.69416772273093,1.0,84.82262698155931,4.304002573037225,19.54319395448335,48.05225136577205,Full Stack Developer
10.653290310903799,20.945068759322734,43.232755877890355,3.0,63.99329387097732,9.433972008768452,94.46079274925235,27.98697012019621,DevOps Engineer
25.716264507359345,40.87151231441046,28.232583165326062,5.0,17.34956002688778,9.448711760026695,53.45985916962114,36.01919125516247,DevOps Engineer
70.26591506226706,53.288958622382644,50.62795333543991,4.0,44.19596406924769,7.537249801900111,64.11724769077934,58.378535156853886,AI/ML Engineer
28.53101407431133,33.30493955258866,66.88626641562266,1.0,47.04764081373112,7.190287181827351,25.903657070737818,45.697958940524316,Full Stack Developer
79.94397400295583,43.063836680031756,45.18051732086997,6.0,70.44597808551522,7.848997897955195,73.9231905700574,60.87774104830095,AI/ML Engineer
94.54253794368312,61.89642089396635,55.4789850063667,4.0,67.81878117879107,8.15214687060196,75.05871319968476,64.66681537132712,AI/ML Engineer
46.362395692043975,8.77956327963808,30.096004944277855,3.0,13.023376433450066,7.33685261684902,52.11142471195276,32.37686647172171,AI/ML Engineer
71.540068412369,23.04314079389674,85.3939010401109,4.0,63.35780856867387,9.171186717403511,28.479145344915352,57.00790458614484,Full Stack Developer
60.12901400419416,65.63537788931151,23.86990447667249,7.0,57.3378269948809,7.025625269489178,48.66713818549934,57.22487754374553,AI/ML Engineer
66.64323624226331,5.293805338951308,49.24276778126024,4.0,40.31249705047863,9.165523234260743,52.26113541696643,44.704533104381966,AI/ML Engineer
85.47584931604719,54.664121474796886,49.42623364606588,5.0,71.06791037818299,9.0411959355757,61.71852067501112,69.45030720844177,AI/ML Engineer
45.0770776799479,81.79636774674073,78.04010648931586,4.0,54.29541422251686,4.343982100365527,67.67896109763043,55.89969610721044,Full Stack Developer
3.0442012006403787,8.138879974482057,26.01971817837897,3.0,33.57405369696621,8.147474647087051,47.16078466463242,29.784538387569242,DevOps Engineer
69.1161879620461,21.91333244636375,63.08618162211512,5.0,48.59250720238915,3.2848097139478933,54.621626802882076,47.8171303151713,AI/ML Engineer
78.7514713383779,63.89431118924425,4.802043830827316,2.0,67.88559041926212,4.793157954329996,46.348258202660055,48.491008762860346,AI/ML Engineer
13.936036886418396,23.983599463830686,72.68491044176547,4.0,28.46280759827728,7.396561390328947,49.20140338507193,33.643842444869264,DevOps Engineer
87.10014681686228,29.470704976332314,45.26088712475929,2.0,28.064067169806428,5.858149148994184,2.1346369481583127,49.26801568480315,Full Stack Developer
93.13129961438698,51.46302995564671,38.98542873290792,6.0,44.027082630091904,6.4784950821887595,41.07965174183595,51.206161580439755,AI/ML Engineer
66.49435882785198,36.15305879728511,75.09426563152854,3.0,28.920800107660433,6.6202443590559765,67.21457283190469,50.28971237805239,DevOps Engineer
16.509537864118887,22.662506570333722,30.14035019218027,2.0,51.30138683182081,7.3771186990523185,21.581802610703672,35.67838663396995,AI/ML Engineer
58.90303302247785,34.03867272472875,62.9369470406717,2.0,47.9861478626533,9.531755881052563,44.527788302770325,53.514527913699666,AI/ML Engineer
28.622966607142114,12.143553179117644,22.753834041501232,8.0,31.99023400953119,8.394940140239473,91.5319550961624,29.013541168532907,DevOps Engineer
84.38393475371542,6.701012458729403,11.691544259964877,3.0,15.90638922682815,6.159489669584232,57.28637545585743,38.65588723175219,AI/ML Engineer
21.993106594210403,42.54176489666071,17.604976085621683,4.0,43.119511299063014,8.342133946083504,70.31194408590096,30.263010331286296,AI/ML Engineer
78.59777154168029,32.70889344774487,39.1247992983111,3.0,52.281918010560624,3.417849814695569,36.023450138759635,47.55395995878441,AI/ML Engineer
51.32458522687017,8.248250493656167,17.29519393768498,5.0,74.99429561164972,8.823290823109716,34.03972799084825,48.24873565227626,AI/ML Engineer
48.5459598164268,22.119875206094186,12.174906910266198,2.0,10.342010065350799,9.269420463988451,70.38735415348947,34.093791375699794,AI/ML Engineer
33.30837874219378,16.090957247832215,60.3545266193735,1.0,38.00929874760123,4.1371955226563575,49.11279922118893,27.73313643517933,DevOps Engineer
45.9065976340071,62.11647877206159,53.19709152889528,5.0,7.057206533335545,7.420424958555064,37.764106100817756,43.79177303396419,Full Stack Developer
44.001418605505535,11.52900297123165,73.1525348571124,10.0,8.257008475682342,6.384484732952716,79.46925018529676,41.84787042410852,DevOps Engineer
7.449072886851921,53.440661250269706,51.79356000747076,4.0,51.35299649293784,7.013973314640477,35.625528290518275,44.278160671416444,Frontend Developer
74.26653648691554,32.81078909074998,64.73506332125118,4.0,46.96546427908119,5.136707865662081,81.54679081202947,58.5135600538928,AI/ML Engineer
51.63870656411282,42.83910717707348,27.930539992680785,8.0,34.18065663708435,8.029348238497153,85.65520933216786,41.66010292092018,AI/ML Engineer
67.0372910489844,43.62951879199685,31.357340469410737,6.0,34.49593638874424,7.679371375575663,48.60806535741091,46.85255171844437,AI/ML Engineer
70.37296725193225,24.48584026267119,44.03293220421604,1.0,39.68827597453553,4.91411838122883,78.59258270899755,46.360681663340976,AI/ML Engineer
70.38034998178367,73.14504419311618,32.21539943494665,3.0,10.678725059432352,3.0225438446491126,72.04860104294998,43.75934369154653,AI/ML Engineer
60.73328590029724,27.654797641441174,58.43541773832693,2.0,25.64207673110565,6.560181567367842,43.27135225040579,45.54157042718885,Full Stack Developer
64.5454130097223,37.301586732791854,48.2116891537294,4.0,37.185898875567034,4.794224994734338,86.31634588229129,40.7761957351924,AI/ML Engineer
81.2141235328164,17.034788763401107,43.51258889236959,1.0,67.23381602789237,6.645478368366002,83.31925210664049,52.94091152628276,AI/ML Engineer
59.83739890786007,49.518895907575455,23.284686527677454,1.0,49.94898865470114,9.142635582236874,50.41127413505827,53.1479842808537,AI/ML Engineer
58.75540446000072,9.067040136234263,30.919240137215574,0.0,59.839200585465505,7.375265678414737,53.38767287357806,40.430426684657455,AI/ML Engineer
62.27622568399367,33.867390809290995,42.64805956328866,5.0,35.50222474952708,4.468735345800185,9.7957838858484,42.40230059635159,Full Stack Developer
94.31461355037864,37.28561448667258,80.61329374474649,3.0,35.49619639712267,9.399029972425607,55.327416095133486,66.33914326520585,AI/ML Engineer
91.67480566235156,25.873068165793693,80.38827871796599,2.0,38.00899301242118,6.829057170165401,63.82875501454094,54.65288041656515,AI/ML Engineer
14.231164626552662,43.31201878547505,50.53521239507322,3.0,8.69636884733085,7.577092702082399,51.85942603414746,35.885169770387215,DevOps Engineer
82.159602452608,63.13694382811244,27.559565193017033,2.0,28.742819473372023,5.686621830901908,65.1940796350389,51.40616987747699,AI/ML Engineer
21.49249565954941,1.868918599132685,38.19964716625945,4.0,72.73371093092098,4.701846417480817,62.00494688647294,27.6485499768174,DevOps Engineer
52.108387901168804,43.53357186120723,43.028769799549686,5.0,44.62568910645866,5.359200672191873,16.495906908005484,48.07753798136597,Full Stack Developer
23.447004297664105,55.45855813518643,22.7824249204213,3.0,32.04630624586536,4.33512456959703,41.48962952548114,40.09200355718371,Full Stack Developer
37.03415533584491,14.434718296754037,17.93828336486276,3.0,55.74915469038032,7.718673815086424,79.1465453158969,42.16720901973568,AI/ML Engineer
11.82898527136134,36.72678947127386,47.8837934923468,2.0,81.29460369381346,6.064447640942299,41.83060321648232,43.3466193361159,DevOps Engineer
69.2434660517387,23.669864575881245,92.41596396403689,1.0,64.65050912533425,5.146074219337226,6.114305212945768,54.109835828146316,Full Stack Developer
67.89275475852804,60.28506341229982,85.37760680087956,4.0,28.873613208801217,4.900963769132982,48.364602925653365,57.301811679932975,Full Stack Developer
94.90944370623542,23.68748147406227,26.601739183928146,4.0,36.66522773914671,6.324651073390683,82.96315711275297,49.958611211946554,AI/ML Engineer
64.99774806606925,44.926475396727305,12.88131193469823,2.0,52.580508883314145,6.571778595999115,80.18233619256614,43.32179091224609,AI/ML Engineer
12.515299181870784,40.421070309827265,92.61280986143612,3.0,65.71513137505912,7.373139320020552,56.718679635219885,36.34182989343518,DevOps Engineer
72.2063325953533,46.15741848405552,56.52045595063434,2.0,28.59475778043075,5.3947028907309456,54.45315760905951,41.33092105318899,Full Stack Developer
32.676657957371795,50.62052740639502,71.68734241704576,5.0,12.087407951163984,5.26997960009965,86.72153849047281,43.038426660180704,DevOps Engineer
54.032514884181246,37.9026296596316,76.75382995248961,3.0,36.0376655382472,4.7404782839970485,65.78658832403757,41.15522169880748,DevOps Engineer
21.902096683666798,42.965516249055916,52.33219127108462,7.0,42.09238111070286,4.662760179083389,24.11302198230179,39.67118700225647,Frontend Developer
87.14302835855896,54.14823037414669,22.987407638456624,6.0,17.944612193059243,6.103693130831113,9.373291139307563,57.06450651472334,Full Stack Developer
38.12793542531785,48.39527894615643,48.23237130750966,2.0,66.05110588935065,8.048896505251145,54.523656918686136,32.002109631306055,AI/ML Engineer
31.9141754445241,60.410191147453716,17.084155335920705,3.0,31.760342192030976,4.74455716281328,18.459959615503916,29.692335118491165,Full Stack Developer
81.82621049621932,15.016889813150675,67.96997145963431,6.0,45.44962316494951,4.609052453911144,55.83093382755323,61.80286196994007,AI/ML Engineer
35.53266522985592,44.289327679416374,63.32183662571042,7.0,47.59733534477647,8.381436873314517,64.0965348011672,53.63629600831088,DevOps Engineer
76.70968794368947,19.434656119245407,4.575886044912446,3.0,29.149449730045486,3.927112827042679,63.39729943584672,36.16180287221699,AI/ML Engineer
47.3259701658138,57.98011323695452,71.0664617039716,4.0,78.32007069731686,4.316909622164232,27.990072520196208,50.89245982444639,Full Stack Developer
41.440338146639924,17.99062869499703,39.20348659465303,5.0,56.286324193093996,6.194025833810778,20.565614503402546,40.93306036624641,AI/ML Engineer
16.3607701876227,61.92302790863263,39.52425221038714,5.0,23.072744480340724,6.6377112581210564,31.83765342304118,41.48996604152559,Frontend Developer
75.95168042754578,39.26991836738522,34.59463363660333,4.0,41.489062628622605,8.409966163517934,39.18417345470167,44.27669576411652,AI/ML Engineer
91.13349107705749,60.11742676936361,41.234125195263616,3.0,24.263677720398615,4.937941923022733,28.97321157607431,59.977104523939744,Full Stack Developer
50.04677666368266,71.0756114233477,64.22017720378767,7.0,24.82578187171444,8.068600666213545,68.80073026587927,57.08466047910051,Full Stack Developer
83.75093932594756,37.52246618677753,42.75574786020285,7.0,40.37382771112828,8.192812524055581,54.701568895139054,60.030268402066554,AI/ML Engineer
26.91690305556046,33.433992039216804,31.894188663751873,5.0,60.36747723130935,8.340007108165542,47.021112081846546,45.56632514099446,AI/ML Engineer
55.26414684346608,45.20311040932528,36.67095326782275,4.0,41.71214642341822,2.488949388807366,85.54244689372929,44.94154987096026,AI/ML Engineer
32.54307800754448,42.69762679927299,86.30618537575782,3.0,53.93820814902247,8.24095977368253,16.1364505187893,50.48689062044296,Full Stack Developer
75.57332859183148,36.351352497283855,24.655721877685007,4.0,60.710071465201445,4.192346803448771,23.713316335138114,48.93522837760771,AI/ML Engineer
38.33995103083809,62.90220837783112,7.21175103547348,0.0,49.939466501089655,3.4657528801550272,62.62838523821964,35.54978021194821,AI/ML Engineer
58.796740994638775,58.004626218601516,41.530408916236134,2.0,41.60466541866651,8.040526441876635,42.50864033681139,53.178652387208246,Full Stack Developer
73.4675338398031,15.960217833655033,48.06312263791546,5.0,56.661030643380336,6.015407017675574,64.78534264036645,47.724427248049466,AI/ML Engineer
86.95202465307854,61.80636488736408,10.502695037659793,0.0,52.86574967288412,3.4598480926021944,50.26710192616177,49.58103831984518,AI/ML Engineer
85.33892132556163,5.006979541289929,41.16691511922253,5.0,46.826396593029365,6.695821233761898,86.91163965557193,56.89607951476706,AI/ML Engineer
10.346741992627509,24.406265778697698,59.681832308578144,6.0,50.31362763306987,8.99715057348086,23.189899897627885,36.94371410307721,DevOps Engineer
68.3692412821449,46.41329109931459,20.794620983114605,5.0,22.64147653096208,5.6426289733929345,18.12257373421043,44.006681078684274,Full Stack Developer
54.86328177112717,16.556661209666316,28.24206360172223,4.0,38.69467494605433,7.441770298269768,28.990973507137753,37.085108341125164,AI/ML Engineer
55.71038519689952,40.82444405578312,31.48344256242731,5.0,26.168142469299077,2.895189265783755,50.21453291543425,36.817005895027215,AI/ML Engineer
65.37796850509545,57.16675507051649,10.079819325631508,2.0,20.110813172689973,6.979951772213874,14.95024549527921,50.67746230284542,Full Stack Developer
24.66491154429386,59.61998303444509,79.73830394503968,6.0,77.2081836624417,3.941600026322095,56.7971324628488,44.091563052019,DevOps Engineer
68.7934197549544,36.45682412857907,20.913064531857522,5.0,42.06066751474074,6.79979651277142,42.255763102359644,45.608882845493696,AI/ML Engineer
33.9085163666786,43.275837471084756,35.757001840798324,2.0,74.84274279962467,7.650628526195174,37.256145819817434,38.2266006807505,AI/ML Engineer
18.002401377675785,74.05948038212344,49.383866274674645,5.0,22.133089608732497,7.501438570090185,66.25484321028912,49.62618543645772,Frontend Developer
73.32328377887927,21.229748914733772,80.3905203473813,4.0,46.158110152825046,7.6120150654260454,32.87966004063233,52.50716454738166,Full Stack Developer
75.34610666906593,49.107957708431684,87.3831662241868,4.0,27.65914392635349,3.9913583762546323,18.579595436175957,50.49073802730057,Full Stack Developer
78.71920443647686,29.352144894106768,23.778660161847604,7.0,21.938539532775263,4.5696568565581455,37.46639935439859,33.175728625810336,AI/ML Engineer
44.9589664523608,47.914072212456944,42.27592385218982,3.0,34.442625372463624,4.395678451645512,39.809948727574216,48.09790862030051,Full Stack Developer
84.181351388437,71.77065283708117,26.504986686686166,6.0,53.478283075703345,4.375884077330776,48.329188088869465,50.5502762960858,AI/ML Engineer
66.89411282580342,19.30842883343984,58.80848732159306,11.0,90.40866755415675,7.0610118457101425,45.29912951923885,60.22754751195368,AI/ML Engineer
76.02936414191116,30.527139792561492,35.265209852169214,4.0,57.62428715152278,8.284850283883298,42.99673769682107,56.139773800696176,AI/ML Engineer
77.25139097797604,34.66847358211778,19.01093655221823,2.0,76.09618851654079,7.694246112036574,76.90010241188924,63.921348852003504,AI/ML Engineer
40.97678565477494,16.709273116902832,17.165199606053385,5.0,67.05526181813224,1.3856373058258677,72.49672012075439,30.973297355690374,AI/ML Engineer
37.74645520299456,9.118352637941255,57.49444155874451,4.0,8.513671478523454,3.6941312107770123,24.935519969329363,23.824990590165196,DevOps Engineer
58.70190731900584,61.195504608366576,73.96806419752652,4.0,61.5897332564718,8.959634444780564,28.216987203290568,57.48235432726554,Full Stack Developer
87.76567299366633,34.908594553253714,19.68450422832565,8.0,67.98548228576934,6.498742283584969,25.129726378522527,50.88715838500063,AI/ML Engineer
52.39990130764254,65.65020915519297,8.679239272286146,5.0,82.51880751986994,6.655297462799937,97.78082423562175,44.53597265868451,AI/ML Engineer
54.63170848868582,50.56666570400883,19.15284660298331,3.0,80.38616727852133,4.987959781188343,37.9179672846404,55.263229165444216,AI/ML Engineer
66.51274473804443,21.34978810984286,18.181807544647008,4.0,40.01992724214478,7.320280922458291,83.56633658639467,41.03675027636115,AI/ML Engineer
37.75882100501674,22.45833156663769,21.13776895887313,6.0,31.757961627481862,8.389361739580886,66.17662160478956,35.76555151146856,AI/ML Engineer
82.37366703938474,28.67658053248805,21.10310420423593,5.0,49.1027835809023,9.285384853244347,34.54498188384283,53.509536052722844,AI/ML Engineer
38.93945114396349,27.10791388866161,46.30958174128239,8.0,65.5234448919413,8.87471711356528,40.987445272266086,53.785968025534075,AI/ML Engineer
71.90554526259949,43.13330053849156,15.138404273326275,5.0,32.257063516735975,5.715453737938139,16.26220717218148,36.93809732557347,AI/ML Engineer
73.10094486400519,7.124627459936797,36.2522831871096,7.0,69.41857209791073,8.616518239305572,19.612259836032724,50.436016920343825,AI/ML Engineer
71.3683700606537,48.15347031704165,59.277165017227354,3.0,77.39600098042928,7.098031144673352,52.54275036227492,53.120007647903655,AI/ML Engineer
64.49360285152598,77.62878181241835,1.6817263455867444,3.0,14.348189594610616,3.1810763412716083,77.65568108222067,44.28574658951315,AI/ML Engineer
29.447859233790485,56.71024888000229,26.979186121705002,3.0,33.080294797203976,7.057693691941811,84.25839218604396,41.94462065568906,DevOps Engineer
84.76866677395635,47.929956942791264,78.51795628920222,3.0,10.309090949065807,0.4866091761044483,74.43635655880179,47.44558202635779,Full Stack Developer
2.9375013265613044,16.49612571762876,19.82784866385971,2.0,25.818007969734158,3.081566911169289,16.213961873034812,16.940021597457157,DevOps Engineer
51.25717256384389,39.67713341768105,50.610189821572824,5.0,54.35109702831093,5.042501713297379,98.70130923062274,50.23041682016917,AI/ML Engineer
63.127416509213404,43.76177865411688,1.9000374500174035,5.0,29.969103135538468,8.115656386433997,67.96054670150282,42.91987037036693,AI/ML Engineer
55.32974347795584,44.016626480198425,97.00750534334611,3.0,48.928324067128024,6.147246568819474,37.558854696746494,53.02832961504087,Full Stack Developer
39.53192082172766,56.13021758806854,31.05941887893206,5.0,7.358391215079322,5.291004895925586,43.32938444534718,30.007304146911714,Full Stack Developer
64.17863878082521,41.20836496625475,47.37227013279824,2.0,22.489285103009284,6.257265531800905,23.058560552855514,37.72218374346332,Full Stack Developer
69.81142316983434,67.98728295508243,16.703411115124894,6.0,15.024296256279904,8.705797805401328,73.09393666437862,48.09883840244089,AI/ML Engineer
75.36552540214917,81.50318411128073,36.66507740132721,5.0,17.59533238440021,4.161691228005184,88.38744419038765,49.31875327651328,AI/ML Engineer
69.72853314172099,65.08646766965221,88.03648732977949,3.0,46.3996603868803,7.092410151876276,40.62242404020234,58.37193967426224,Full Stack Developer
65.56069530927883,27.857094823653476,17.657203726004678,4.0,44.219132838242885,6.822019639910026,48.0452637892794,42.08654255347902,AI/ML Engineer
75.32844557677237,27.71853282068088,40.207611682492434,1.0,60.3870705989638,6.3051162557139495,42.70008942643441,48.846390939599964,AI/ML Engineer
62.5560706354898,71.99036493915385,51.82178551715205,2.0,63.72246567243525,3.5684115530185756,21.419174113009113,55.81648712742686,Full Stack Developer
30.005566078935004,46.0528528380329,31.844795929253895,4.0,66.96494048744383,6.752107429320047,42.96022246796448,43.21795842155668,AI/ML Engineer
28.528612297013883,16.400663882480185,48.56123239169092,6.0,23.55984633924425,3.1067919639783383,52.33516859325065,30.549037681467116,DevOps Engineer
56.0236695135484,11.595258049961677,60.26358390629828,3.0,64.14198396517857,6.57056939499038,5.889680923811493,46.03288921143415,Full Stack Developer
29.479384663175633,49.62531367778554,13.156675494836016,5.0,32.75881204913911,7.539744704841627,39.795903747846694,31.627332574401873,AI/ML Engineer
8.17382338935385,20.751176257571423,31.012930439747628,2.0,69.84530406345887,5.454282671797534,63.65388547754053,26.793180981797946,DevOps Engineer
79.13656428921543,13.724699196270048,50.36796647503259,7.0,64.5223883623635,7.795482756666862,24.951696679212347,50.43964705552536,AI/ML Engineer
90.0244377741073,36.97246784567215,70.3311278040186,4.0,36.58590897441049,7.485822620439803,29.45849937855093,53.41088622946929,Full Stack Developer
34.721531587549286,35.04562459299246,69.94522972603467,2.0,54.70138473560804,5.7534732109809115,83.28925232181318,36.53908797195071,DevOps Engineer
41.22685507373933,63.21116786180257,3.139134952363127,4.0,54.8249722007176,7.107932901385423,46.00910457619684,45.93188552142432,AI/ML Engineer
35.169572927333284,51.158500097887185,58.12924649175826,6.0,14.34041434952106,6.156822307455956,52.33144656621776,36.67634568368886,DevOps Engineer
57.65538516885841,42.55176626903842,71.48915472534742,3.0,22.857215487272814,3.7272383902852613,22.78614524439408,52.500732255095606,Full Stack Developer
30.56749829875658,18.137972603752157,33.21759702229332,3.0,23.94015483811036,4.092261674886755,59.76488579291407,29.25047607764531,DevOps Engineer
40.25996595197978,69.50697568848918,54.7495605485137,5.0,56.840285205577004,4.38036299954487,57.11283815997734,42.93223952989562,Full Stack Developer
68.54413509426475,61.50691586903715,48.373068784857615,3.0,25.71310051289184,3.743381141159559,88.65380607507207,53.56108038437665,AI/ML Engineer
23.74946099477758,84.29639134473135,41.42711402977397,2.0,9.370004384510814,7.763947756615997,23.233417587627876,40.5082187324046,Full Stack Developer
48.46629000242719,56.418784397321666,47.79489838554342,5.0,43.61248283052451,1.3474788656559642,60.84384301487782,45.45601386985481,AI/ML Engineer
19.21748872152176,33.448114318917995,57.661502736003825,2.0,54.335389940543344,4.173639360018363,64.15701326448445,34.18718681194646,DevOps Engineer
23.929209739670515,23.450470068089366,54.61676368828593,8.0,21.478636903585908,3.416332038728787,80.69737106735019,28.88167821309819,DevOps Engineer
16.98420955208802,50.63535961490587,38.5716294245061,1.0,61.33020191705387,9.640659865070994,51.52768930557093,34.76909007885838,DevOps Engineer
55.244948045104906,56.789219961964044,49.98962838974221,1.0,46.4651629232697,8.631467312786413,33.38199726047023,44.02786130657294,Full Stack Developer
47.4258153929775,8.22372461130266,18.597030675164387,5.0,58.55185756558377,6.244843701234948,31.04714943954205,28.53023400278419,AI/ML Engineer
5.8853311111061934,35.88886464900115,45.037793440981545,4.0,75.29348648310042,2.8441937160330575,62.48815392911807,32.880393977473524,DevOps Engineer
48.108413911674766,8.471706797196331,33.292616936585326,5.0,13.735836926442008,2.1887747773267217,21.717964565317455,26.29234929303938,AI/ML Engineer
16.8737886864116,36.1817293501051,66.2601791071353,3.0,48.33492907878366,6.68441355286014,55.431605969508894,31.86465164573538,DevOps Engineer
86.42433305852883,61.50387890246214,13.402279414997691,2.0,30.64025592436817,6.69938054316021,58.588137445112885,55.65541614719499,AI/ML Engineer
69.74879738848891,54.98185415457346,23.091967730209525,4.0,4.5387924176940215,8.351920255392187,33.117627301644795,45.29420954823533,Full Stack Developer
72.19370265589174,4.887085738961518,95.88813931735666,5.0,86.16678809134733,7.929333736233703,60.152230651440455,71.90661204619063,AI/ML Engineer
69.76879398218603,46.48557428437134,40.055366484930005,6.0,18.825420764238547,6.865759584364673,17.957408922075256,44.3095675356666,Full Stack Developer
46.696210669165,15.008484638628467,76.57715195489054,4.0,37.05359152716603,5.929106452123149,57.16247245351198,53.67244808811633,DevOps Engineer
70.23353230902825,18.31268073776628,44.4540682669644,2.0,21.041640345165767,8.45876517835702,34.21126752071334,45.944529747584504,AI/ML Engineer
32.51391296440238,51.96654315989032,81.46910544790501,5.0,30.26049750863787,2.384786515680737,51.59418979747,32.9490076337045,DevOps Engineer
50.4320272004061,31.90527307611558,70.6683266689012,5.0,70.77550824426315,8.816887910772325,61.65351473505187,48.65184502305857,DevOps Engineer
23.014925516601412,15.380879649146362,75.08450628733596,2.0,57.010779048306794,7.925241495651999,47.59020296666014,41.538705559289916,DevOps Engineer
92.8179980170433,38.55723035908574,56.49858001310887,5.0,72.96225855720647,7.247178642865473,57.53964974363396,54.22127624081509,AI/ML Engineer
10.739747190050169,42.029367507001616,46.842159995498974,5.0,45.265471582871264,7.900997110765281,14.87476129440367,31.570406740670396,Frontend Developer
33.578572676211415,13.971832725930145,46.88987442538477,2.0,19.908874997202126,5.51629645213932,64.33199681488621,22.98003042108809,DevOps Engineer
28.63273079805671,40.29118284710989,53.70684729712482,4.0,64.2784528979212,5.811038652630602,51.67669097055041,54.00264647881111,DevOps Engineer
92.47573072707905,43.08006247349286,72.90324388354908,3.0,85.58238864225878,9.24327359588063,48.32859407521292,74.1606331389332,AI/ML Engineer
48.53966736653795,58.908431413192055,59.4717290270936,1.0,62.87444716526903,6.459832321738156,25.824201858813428,48.824657669550305,Full Stack Developer
29.21250568631847,70.45998219170649,54.474176991659895,5.0,72.8130391961092,9.615960039529027,60.79580420274976,63.20596701248056,Frontend Developer
64.00311193500987,35.507501396964166,69.84430860916527,1.0,19.162094021354807,3.877108266169543,62.27957035556059,50.23386629322676,Full Stack Developer
84.63954768937097,49.655017579754976,37.28628673099711,3.0,27.286712717124917,4.874113889494456,35.24184450503516,55.464745759641275,AI/ML Engineer
47.984125150893284,32.31791985648233,24.7690936862292,6.0,31.518768744002973,7.489752012288372,71.6057998604874,38.176181738604214,AI/ML Engineer
20.262948256300326,38.12601555647221,18.20036998204761,5.0,9.122580406600212,5.268403654253699,15.62786627850477,23.79475023505137,Frontend Developer
26.483442567746195,60.03059896666708,58.36687225143975,3.0,16.123720051676273,7.7629048328122625,44.761093241771775,35.81856748629537,Full Stack Developer
78.57140901972474,61.76555831507232,46.78308079498121,3.0,76.35012724228858,3.0720040294610325,60.69971518592531,57.50436318255194,AI/ML Engineer
72.17638113417834,48.913214315149354,42.30651912421124,0.0,67.79537267696178,6.172960035463193,69.44914963483649,49.92465167490708,AI/ML Engineer
33.96801417158375,64.90827867598573,9.310492074414835,7.0,65.38400895362682,5.580866668160588,42.04651411518208,38.49037940884256,AI/ML Engineer
42.73057735438012,38.412597058932704,38.92516261378381,5.0,74.98049755907367,3.6206599547089553,32.01209306059205,48.830264221326935,AI/ML Engineer
59.85892430094605,18.347757746755384,55.50021544855436,4.0,29.287780176390154,6.117954547867287,63.17648472383498,45.98731683496309,AI/ML Engineer
70.04093807172053,36.46631199620037,19.37609665906638,4.0,13.527480204883785,8.169047370006766,62.31717341034676,38.61187012274913,AI/ML Engineer
63.21139623153649,36.096511408174905,83.24827274607992,4.0,12.331873489522845,3.384946151542802,12.051535394355287,48.0739646446456,Full Stack Developer
68.24370365956968,47.20492643137915,10.888008874742413,5.0,43.42754490508377,7.171148993270988,90.13687699313837,50.37132735181717,AI/ML Engineer
30.345115380320987,26.925900025416166,11.885272772635485,5.0,16.441112753330707,3.834511221724232,84.41778011873642,26.198996645721525,Backend Developer
78.31024182469363,44.19387871104198,37.481379915552886,3.0,82.17997624760626,8.367526077941205,76.4986118443638,68.01180037322888,AI/ML Engineer
94.5301232326468,35.69105928855507,11.16434358660943,7.0,9.71191260776081,5.471124383337863,37.72820901611528,46.286629421638274,AI/ML Engineer
59.07126767248806,53.783699723416525,23.06559088311872,5.0,58.586699620975466,6.412233699393914,45.36106014293533,57.840292189502826,AI/ML Engineer
49.61553523672632,38.34309073137294,18.151601275016517,4.0,60.972330809515405,3.520417460660546,65.88586386784453,43.585325466289255,AI/ML Engineer
12.416313505502728,2.353013796200665,35.78190575214936,8.0,68.01757159830669,4.560863063121299,36.109340423008845,32.77029421252291,DevOps Engineer
43.02740150786211,35.48605765387746,4.489420642151291,4.0,68.98275987764548,3.302595845128028,11.322884093226888,29.364367891021306,AI/ML Engineer
77.73256371481936,29.528380984959,26.364773353078895,1.0,18.511353676465387,8.471881516012953,87.25352002594806,42.61927582605731,AI/ML Engineer
63.87138400372092,84.5250531718977,65.67716814019377,2.0,59.84031020360615,4.849654257746438,37.167562618039355,66.69583113792115,Full Stack Developer
73.0473530050958,62.8579061800396,73.58158590902758,6.0,69.7116535976873,5.7884964009402555,37.12697526985827,68.78193351810167,Full Stack Developer
48.24388880086534,35.27568567116773,13.927816855359094,2.0,52.46730747977456,5.304934334302235,64.30845306354229,36.80406969133486,AI/ML Engineer
78.78857658525074,55.65965288888739,10.188671706473214,5.0,48.489183390151574,5.825257632802736,68.0092958952838,44.59178832158577,AI/ML Engineer
39.44723611028172,20.69156445034908,38.784044122110465,3.0,12.025135556489236,7.74791269673816,47.62833129496,41.54969788035445,DevOps Engineer
84.07931949184353,28.806633444886298,23.892090403166222,4.0,18.182488460657808,3.4376149736961663,81.57121767464581,47.94173294413588,AI/ML Engineer
65.43063119517608,38.7776540283888,2.7727954329073983,1.0,26.442621254061738,4.0105750294797184,69.95705604997427,30.781803383028645,AI/ML Engineer
43.19376769989191,80.62997148222848,26.62286938822253,4.0,25.29460295754576,8.78399677887614,56.43027521574439,42.59482662704641,Full Stack Developer
6.153604877771251,15.936843839776435,52.203262671015196,3.0,37.654491824632856,7.1078425258608835,26.785039213083238,37.31928842292271,DevOps Engineer
76.79791684169987,57.21860834472523,10.04966099168835,4.0,16.970373127678272,4.666862631369646,64.62906972934623,42.0564377682188,AI/ML Engineer
55.41255649909852,50.86313026615784,48.54725901447722,4.0,51.672930916040706,6.96721654482705,55.26214911617896,48.33994379479726,AI/ML Engineer
44.69631163725875,22.730450210057622,65.17246655436799,2.0,83.11907013348619,6.555969233147081,64.60311571415038,45.34740049367477,AI/ML Engineer
49.32967829979169,71.64872552795349,52.20517279469037,2.0,61.44326801369996,4.745011553983057,64.40243309215316,54.45191380027773,Full Stack Developer
13.552815792226822,52.00873720400572,62.72475236605069,3.0,76.9188201154394,5.060549281062679,81.74481277712115,38.38290024661736,DevOps Engineer
25.7911984706835,50.61915514080159,65.09617286696783,2.0,46.94663842474162,6.0825869951980085,40.040907252566164,43.650664661144106,Full Stack Developer
81.71309068394338,47.83558559843424,25.458003222564695,4.0,21.29791723794446,8.782787102776599,27.940774432700554,42.15491738564138,AI/ML Engineer
83.15361990858673,53.030812056344026,65.53147304081884,7.0,31.60219830012636,7.856801000754739,40.951086025681875,52.37045636296309,Full Stack Developer
20.841271571127702,24.279978800750516,43.79666115053299,3.0,16.084291245766877,7.919816864219521,25.65459639437967,22.92282871354854,DevOps Engineer
59.68469046418701,52.39647224983281,10.988963733496528,5.0,68.63087412157725,6.003591442042861,15.422327493473645,39.98227737586957,AI/ML Engineer
56.006886956563484,65.5477881395094,55.02852122276596,4.0,41.57504728195099,4.378834561743549,66.50326704770531,54.91763344206496,Full Stack Developer
69.90757645481801,26.444347190863375,74.37194768840479,5.0,61.39884983493441,5.300071524113309,68.63371261625305,57.976595996386315,AI/ML Engineer
38.93328395823722,55.020866902372404,26.236949543892944,3.0,64.25297590987094,8.932425848110316,28.08771374875978,45.33428156080948,AI/ML Engineer
71.5300353689137,29.562157574043873,65.37303081508618,5.0,52.428444273158966,8.071214694758252,64.64064593746616,52.11059965088062,AI/ML Engineer
73.22007041554545,40.816967727876666,75.15531621889136,3.0,22.237311171775154,6.533570070128906,17.723860007358766,56.90605600191692,Full Stack Developer
70.77713984756387,21.804580339686087,51.32324612785107,2.0,36.54797858361787,3.6703264526237787,39.63251222939795,45.36203488787352,AI/ML Engineer
80.70636217281873,24.11546102270951,37.465484671618356,3.0,8.343244379695067,4.123975197894615,60.30031886260792,34.61655451589546,AI/ML Engineer
33.20220231067596,32.240148356253826,17.467557076673206,2.0,10.926248217772097,7.1538581252483375,67.29256937952869,32.2789380402592,AI/ML Engineer
73.29460669306718,39.8324437049809,53.22550441788041,3.0,39.561650176266866,2.7588808949922434,95.54047205809306,50.739049930521176,AI/ML Engineer
22.023064759894613,21.64006157787422,16.5930649537451,7.0,59.901635036932696,5.466876487703292,61.51627900238956,36.942927935854435,AI/ML Engineer
73.136744509911,46.69148456467653,9.702085835047031,4.0,75.83914221455622,1.1605565451797237,64.20725833522745,60.56962538360797,AI/ML Engineer
71.33822700080088,19.6663572003355,75.0697229530563,1.0,42.2240126269173,9.03224692431733,50.54292282645889,47.32912121617923,AI/ML Engineer
58.384950578762876,44.545255390175114,31.17291589534854,5.0,56.52696195800344,6.621168276035132,50.43850777646822,51.075480015526715,AI/ML Engineer
38.713298125883064,52.163597807721644,13.885613625471665,4.0,13.11388381181363,8.319284345826848,64.7185540785656,45.19627853032946,AI/ML Engineer
37.55619837019407,27.9924953869438,42.43778808526266,1.0,63.238750358088765,4.044003312259569,21.565126609695533,45.05250659820652,AI/ML Engineer
64.41009488751565,63.75007030022086,3.2897317943607707,1.0,36.54939046858289,5.806441724423664,48.05000773864585,44.440096117269945,AI/ML Engineer
16.336914407081444,37.658530866643545,28.795292614105826,5.0,62.53351981219214,4.327820157980053,57.7953465436863,28.494629453407853,DevOps Engineer
29.939935535947882,38.71152432910867,25.328912150284395,5.0,75.70262116752922,2.5202233561762473,60.382635050076594,29.44689061237831,AI/ML Engineer
70.10750371093705,57.03324855320856,45.36299456924725,4.0,51.99694486719443,2.7893107412375158,34.12273366727343,54.16530329554197,Full Stack Developer
31.787035423272265,50.70601650105073,84.81471350592858,0.0,40.987234548359055,7.753274457051099,74.53442562037446,50.15089482388564,DevOps Engineer
47.328933010944745,42.62657294788749,43.271402759538056,2.0,61.42496314164114,7.188648675334447,47.70036268771671,47.27631238727896,AI/ML Engineer
66.87390268326513,12.080634447411226,50.11653154632324,5.0,65.24507950156442,8.245357394682694,4.664966753734856,48.8306782728495,AI/ML Engineer
52.28600839992724,46.40723354129974,46.192776189129404,4.0,20.485369768887022,0.8614574940621479,71.71941305912117,43.694678410150914,AI/ML Engineer
26.261224208849864,8.488107001247116,33.35853894592058,10.0,51.889581604878956,5.641292654298695,59.01748350531293,37.37402939410487,DevOps Engineer
41.47486640779159,21.08079891309132,18.36058930503667,1.0,46.82553847877919,6.900725123919117,40.04296682650814,35.698945821209705,AI/ML Engineer
53.083652164857355,15.715090391671291,26.606186408243733,1.0,59.51175957123716,8.5125790624163,21.282974047606213,36.44043717501818,AI/ML Engineer
80.08818082198165,49.85304960817255,22.054028127568362,6.0,53.81028332368584,7.74209145951875,42.68755978687075,59.4461667188831,AI/ML Engineer
93.56454313642031,30.306754075671144,15.663979628529923,4.0,29.753007540760336,5.155509486294467,67.03511360992019,43.885797643934794,AI/ML Engineer
66.84117340719793,47.95048657213681,31.79159747211717,3.0,42.44748278901246,7.962986656918893,62.33527948357129,54.85473535988618,AI/ML Engineer
7.336753589208471,18.207747973089905,78.28422925163365,3.0,26.872774590138814,4.721504142659417,35.29952744805113,27.272495171136853,DevOps Engineer
92.51265050489444,28.42485837829965,44.16374570008594,4.0,8.313290453024532,4.350686070336481,75.55388997249747,49.76021607955717,AI/ML Engineer
65.83805626925955,19.212023945551447,39.83434049608641,2.0,47.5465895463184,4.024375842705272,11.814787765066814,47.84223431135483,AI/ML Engineer
49.95048414702544,69.07594298812838,33.78641349694421,4.0,46.085727320486164,1.8009649751637304,89.69801927295974,49.87236114142607,AI/ML Engineer
50.07556347319147,22.999815673017597,34.77582941314799,6.0,44.449683679474546,5.910381123233971,61.99374668387121,48.094498369285304,AI/ML Engineer
67.13983639224197,24.90619404884987,11.119689148160006,3.0,52.172383430758714,4.560005676952344,54.04620344931498,38.165155190492975,AI/ML Engineer
27.495269634928565,62.65491890987075,23.916466400882822,3.0,50.35904030766684,6.578827299703107,57.34411827328524,41.972964091881394,AI/ML Engineer
26.435397762596676,44.715000020875,39.08566675154799,6.0,68.02088311393788,6.367417161420734,40.09254458231336,41.21680609888962,AI/ML Engineer
54.378824786459866,44.93067515558348,46.60315255361968,7.0,38.9998208153022,2.8975435355684693,10.047146115944706,34.0226872199122,Full Stack Developer
91.255206292461,25.08366135974841,82.51142037082784,5.0,83.15686893572418,6.754111777804296,78.98523918312435,71.22770211199048,AI/ML Engineer
60.29245102098712,48.394678161396385,21.24899478312278,1.0,63.38252538256557,8.84047993035773,48.078481533621954,52.03556959746375,AI/ML Engineer
24.285166225291707,29.665881966911066,56.37620037554467,7.0,46.75550211433801,7.685378330331786,55.20440147855532,43.90943188314375,DevOps Engineer
4.807323755138367,46.759149129628746,20.69508519196469,2.0,55.18597130647698,3.7745655459413063,26.48947167959393,34.193687739401526,Frontend Developer
24.92534683714082,56.807762768107914,45.08331133147867,7.0,37.22226868213659,6.131439880942882,59.19975261024266,36.853095915639805,DevOps Engineer
55.654149964924784,41.30873068249555,77.5945480252767,4.0,63.748800964815224,5.281273935449492,59.0126750217054,46.73186691798717,DevOps Engineer
36.47844005621596,72.58453377948109,75.6461039861294,1.0,31.463411017774522,5.199223556463329,82.8282158340541,55.75041443369065,DevOps Engineer
75.07048587223758,52.05998473101513,49.855623577261234,2.0,50.808420933546785,4.957118101758306,36.433733700478484,51.70632277982724,Full Stack Developer
27.534782932645786,37.356305546519124,78.59231006678735,5.0,65.05042676953707,3.977691835229413,28.91978384543108,44.89930093578517,DevOps Engineer
48.69219132055716,79.18140063554469,9.699009238962567,3.0,49.70126518906249,4.538203453270594,15.6217534340829,36.403151693300956,Full Stack Developer
87.21721826220625,10.36261950766651,89.72193705992004,4.0,54.33512565772389,4.454402605409845,54.806904472133965,62.040760351826776,AI/ML Engineer
28.105043612396525,28.798348864221275,62.02677496025365,7.0,71.02426643181776,8.92469657287691,13.658371883486423,49.207479305244206,Frontend Developer
39.87418829541809,47.68274304283557,10.844451333418275,6.0,62.81577766290837,4.969479095493071,26.643864004406083,36.977800517253506,AI/ML Engineer
41.433097124084064,47.303905857023175,48.86513925524579,4.0,83.19158307309235,8.077306257509125,29.430950886130187,61.60492803607433,AI/ML Engineer
49.0501113390403,3.7615097535522244,23.498413477647066,5.0,59.25613233466945,6.440143130563637,14.857963810256267,28.29371694049991,AI/ML Engineer
52.09115354628659,32.30025986548497,71.21986945705244,4.0,63.07189924194453,7.309855482906441,60.43529394851708,50.31114164136278,AI/ML Engineer
11.586129610233154,49.95052364593104,44.42255085731495,2.0,45.46525952378471,4.569812045431168,62.000745885688794,39.97446482139314,DevOps Engineer
23.522512787043976,42.8784727741921,71.79746492971707,3.0,30.93775001743423,5.944885403604134,18.178880980718677,43.98682068021984,Full Stack Developer
37.61656126242452,64.53761299173058,34.527633174956904,4.0,40.334476431331055,8.986099305799659,79.09815079991212,41.01631395960792,AI/ML Engineer
38.36231963679361,30.096135376251453,37.137640209690005,6.0,24.356443310820016,5.6507007813632,63.20034218626246,35.227794358354075,DevOps Engineer
76.05457628242281,71.33394007913641,47.23899929479601,3.0,62.91005824586594,5.6439927302433315,80.34007928339891,64.69277866524541,AI/ML Engineer
85.21099917274255,33.28747494552186,52.254833383219655,8.0,78.66705694710123,4.557567840530291,43.7644338329005,65.7096178457983,AI/ML Engineer
73.58629135059712,57.73049564229946,77.16292924748635,3.0,85.37211069182032,8.253046043220465,42.21463029526268,73.13132517790518,Full Stack Developer
24.039855833812403,25.74136588319163,45.1318162058488,5.0,63.02518471035429,5.2830154983791715,25.336445860927487,39.93379837974389,DevOps Engineer
88.02842228522285,82.39558964282233,26.473818661076898,2.0,49.663641035410585,8.781895422865059,89.26673297879061,64.60050648761084,AI/ML Engineer
64.02213291576612,32.31182118599739,43.59590371013915,7.0,52.81322029990672,3.8389335916237233,90.61016521695568,47.901829643380935,AI/ML Engineer
50.828735927361734,65.71746828627911,35.31229288064761,2.0,65.1651808369056,6.673095673840584,61.78353336070277,54.175169842886405,AI/ML Engineer
43.86904855826165,39.50849466857665,0.9486142480594264,5.0,66.42803178270877,6.560606080079424,55.18097324395123,47.96520932049474,AI/ML Engineer
80.62594730014668,77.49370851127154,51.88517130786654,6.0,26.830070420812717,5.610950178350393,53.64912964510309,57.685816488972876,Full Stack Developer
76.16256848820527,21.057602453080378,2.1933628086276586,4.0,37.60605663108944,5.829978039176142,68.402620387242,39.10633122453901,AI/ML Engineer
67.50972443847301,54.77999817148964,57.35173161962115,0.0,16.510952077730142,7.16432601509382,65.29112086105265,55.067982569849356,Full Stack Developer
6.360382651936712,79.2384675746164,69.01398605006916,3.0,25.39902509663318,2.140790196268119,32.4408366328956,42.170618795139056,Frontend Developer
83.15784988511936,42.27756307233362,87.22856224626415,4.0,44.93249391990759,6.297421776120766,37.970110534633896,56.76558339248483,Full Stack Developer
18.649069224724386,46.59269647050128,35.7806794398259,3.0,69.53083346628557,2.4880312624768446,55.95062977876554,29.969308309947156,AI/ML Engineer
59.10327782563412,33.86534398216989,57.799978230854556,4.0,75.03798497222019,6.674489350750629,95.20643403975636,46.34217555656065,AI/ML Engineer
69.08410557452964,6.601455400632615,82.60426448677272,1.0,14.9992465807749,6.51631129678056,43.182367285667475,43.05810325625275,Full Stack Developer
69.7116661777395,11.39698608547222,54.164829021022385,2.0,27.347245585663206,5.438181923338918,36.124843292310814,34.65556192691809,AI/ML Engineer
18.3727563587843,59.813480398907856,47.33033615782725,5.0,54.379902660566835,7.513140620757741,43.47923837939593,48.48082709669288,Frontend Developer
75.62477118883368,32.96032149691081,13.93858812743688,3.0,38.38767809716412,7.530017627991472,50.89639330396778,36.3383572841267,AI/ML Engineer
49.54057089153089,23.299723231106917,16.241567519236767,3.0,19.278537048320704,1.8271936464377787,34.06628875461065,35.47176160134776,AI/ML Engineer
48.92928404155431,94.99958154800993,23.903613316848713,5.0,36.58376169403907,2.818881366743689,87.36810583553006,48.30864944126091,AI/ML Engineer
34.127896460970426,14.24295063192655,51.35697891366361,3.0,18.260301746969514,6.440843457759443,21.47865426683754,26.84427575141678,Full Stack Developer
71.63524276117916,30.015198935021036,55.13702003254595,2.0,17.640469758060583,6.729422037829823,72.9280459082627,43.49851267705114,AI/ML Engineer
83.54689393542229,3.385687289454151,46.84768053528433,6.0,43.83895359415308,3.2662917999345717,33.051064933217255,38.76186320652012,AI/ML Engineer
33.686062934284564,16.161574511553415,0.773360218210748,7.0,44.00219128735948,5.243615920108241,64.77825191370378,37.926213255052296,AI/ML Engineer
52.04886033551551,68.59506068409958,49.27177448472174,3.0,71.30129192391712,2.9431756036055106,32.488349487611586,54.242929451714005,Full Stack Developer
73.75434431779726,34.358596117858106,29.883599815653415,4.0,74.42382465922667,7.254620781030424,33.737637441224244,52.3821778820115,AI/ML Engineer
18.93163179829478,56.97524749778279,42.14854989612004,8.0,33.415199281573685,7.349955892202288,30.73885331641874,34.33502093800093,Frontend Developer
72.52859814135559,63.65640480081735,24.351794653096988,5.0,46.835148350754416,5.198358439942474,58.52525589726477,51.89087835307395,AI/ML Engineer
79.76040323013245,27.51884762608374,44.53638419210763,1.0,86.20707966375817,2.1799436466249196,7.647579812747771,44.26459928549376,AI/ML Engineer
43.09062524489853,13.270657085610003,24.66432272035373,4.0,11.99926698609107,7.58128864465248,56.99772072714937,18.202749944017306,AI/ML Engineer
87.28773376306157,37.0366446241106,24.44171647337541,4.0,18.100005277810425,6.15945702261453,34.83208476138226,42.043552649167246,AI/ML Engineer
77.03263043729814,49.88938329235235,16.971910500961844,5.0,10.128431263547743,5.364529507502793,59.55170744040736,47.16939911565116,AI/ML Engineer
40.75535998693442,49.32566713653528,16.817638369969103,4.0,43.743684643957295,3.222718494741783,46.884047023145584,34.57439578560216,AI/ML Engineer
25.521554186893745,85.11515838533636,19.26943394240224,2.0,42.15344060197785,9.506983496619522,19.478007667031896,43.37278758431454,Full Stack Developer
24.093404328033905,84.08519567258085,67.14082803171469,4.0,62.18483618163432,8.137954555970195,30.054608730454785,59.084895152028395,Frontend Developer
73.5403590844928,49.000819260910575,46.713140578241756,2.0,65.92946787711602,2.3850028172733904,49.72153992961337,55.26248174558187,AI/ML Engineer
80.95099100476261,31.893897197576976,42.89628510664621,3.0,74.98087968619669,5.608170388551459,37.90527654839731,63.106122187743395,AI/ML Engineer
45.630431840341615,22.421776528571986,34.521874500436795,4.0,85.11206327213338,8.782486295564864,17.21375758380355,34.51248260855527,AI/ML Engineer
37.98184298225076,71.43778438306167,82.76901462320878,3.0,49.447527550712024,5.502465851162621,65.37983261396649,49.67551773113156,Full Stack Developer
59.45961142632876,25.409218257110037,41.73882282180012,7.0,89.38393410202848,8.064293873236045,73.58334137796795,59.399329496430376,AI/ML Engineer
78.4090945131431,55.174558956460686,23.321461907423632,5.0,75.4906984512163,8.61268248530923,33.46768714839382,60.40205325460858,AI/ML Engineer
61.11875729229218,54.39139440263424,34.58138726933275,5.0,50.94377239878444,6.763887655249507,17.07034499002777,49.60147845040973,Full Stack Developer
95.71407858606294,25.457405449541852,35.024030178435,7.0,35.68382976821836,4.528077675173805,36.65736195154262,46.46316843271617,AI/ML Engineer
72.04856356650633,46.56474367058579,21.400667063677517,6.0,61.539271731364565,7.192890042760172,34.61152961167536,52.821804324242606,AI/ML Engineer
15.626241033413285,33.61228378273018,63.77677302365975,5.0,13.405492967102258,6.372420780629454,12.942543835761361,32.570339089477955,Frontend Developer
58.44679242409468,26.89393643050404,67.60850916886235,10.0,40.37173189657942,6.49241366380708,86.84841682400395,42.762397785053864,DevOps Engineer
72.4673362801817,22.66594666674652,9.010827644867831,5.0,52.78013533145391,7.806632231928726,77.03714801487142,47.14532641789377,AI/ML Engineer
45.05329520342972,48.91422927863891,35.467481334978785,3.0,52.57831478200378,4.233810442882763,21.902714008406612,38.49683316146878,Full Stack Developer
51.42152430472004,26.667791550433666,84.73268171704076,2.0,46.44542939426557,7.107434879445992,30.101933156786426,51.68350886583553,Full Stack Developer
8.870072140893981,27.3583153217639,65.85999814281678,1.0,50.52229703289096,4.934853572202268,60.35617894854709,35.32246989642972,DevOps Engineer
41.532268834513026,27.875387333790684,85.61365635032489,5.0,62.847510059190604,4.699824900681055,41.78593619900041,57.29596777367428,DevOps Engineer
34.736500740296734,37.54525365959594,68.84752123551544,9.0,5.848555562483022,7.822276548372446,15.706315960762693,40.504812712380165,Frontend Developer
41.116453339406625,71.14796728342158,23.497460526972926,3.0,59.43956115222897,1.6720268483171061,51.16931599424893,37.2231970924609,AI/ML Engineer
49.591719311964766,26.716252115504634,30.90584502510978,5.0,19.70331015505577,5.874828460476083,22.082567165098162,22.36822508871319,Full Stack Developer
66.90010952441708,37.702107793522245,50.93865266313503,5.0,32.14930525800454,8.73648495745313,71.53453411805214,46.85047565945466,AI/ML Engineer
10.944362314753738,69.16360595592612,67.69001219574692,3.0,21.723138086310286,5.163871370990148,40.25958248336115,40.54439161348531,Frontend Developer
93.05961471567704,30.066169858361665,31.679351605376464,7.0,51.327632714905405,6.8484966386114134,51.56756241227417,57.82041396419083,AI/ML Engineer
71.60576284675835,21.47053173431996,30.46760127445455,2.0,31.885970508449557,6.4841233390555075,59.468690639224974,38.980126405928885,AI/ML Engineer
87.2779214492127,34.462606465310024,66.62357235587842,9.0,9.1072766391437,9.493978197928696,20.64213720312707,52.94706654550458,Full Stack Developer
34.50833629748299,49.10432739710445,30.472011989252895,6.0,47.790305239959494,8.939677810068407,43.02877398713606,44.62809529397861,AI/ML Engineer
74.5349333465784,26.822884155120867,90.66611977681376,3.0,58.213103258185704,8.576295504289499,65.21794287869588,61.56765231774603,AI/ML Engineer
64.23163198980622,44.90454627957869,66.56396831676916,0.0,43.29633870234209,5.438439358389049,39.50144089562415,54.03178315365682,Full Stack Developer
43.968526466458755,55.445693886855764,88.76101876898692,9.0,31.825650110190658,7.5435170195708,76.34450114136567,53.092126947128286,DevOps Engineer
34.845772540559565,47.22654034026617,45.99520948850095,7.0,37.49760248960486,3.5502600855202955,48.01828706769467,36.41869161478822,DevOps Engineer
28.382105066861612,5.658243855549349,30.467100402304503,4.0,35.24693837165482,6.552015056513855,44.28509040195885,38.97451260891455,AI/ML Engineer
60.2367945915768,69.24746208405479,36.339831825616685,1.0,20.630418610145227,3.916452849759342,37.6426271932037,52.668955235260825,Full Stack Developer
38.89936688413111,21.083858988921474,33.908888479764556,5.0,11.649862642166925,5.613805560668657,87.7738531977015,30.630793534191245,DevOps Engineer
95.76484039383469,26.161765273721336,57.61063561341108,5.0,19.19571579440289,5.011866014931133,35.58685368758952,55.698420120399874,AI/ML Engineer
58.63529694367857,46.0195724645503,28.088571880451173,2.0,32.77157255180621,4.345768456991485,26.863435781278017,50.70424443467144,Full Stack Developer
6.6368266069761495,53.553552620717504,39.91743190417814,5.0,52.71912597670829,3.2463587054967653,27.80182811667389,39.98664266330046,Frontend Developer
43.98704157770103,82.4676827392841,60.87387516032786,5.0,21.143777688444693,3.7591178918994044,37.34039223811242,44.104533870319656,Full Stack Developer
42.719749945318156,20.410323106347235,47.29727798326525,5.0,50.770842953897834,3.544457617565475,84.06472424183059,40.2439766035831,DevOps Engineer
42.60583084150196,48.946284363038586,46.38904270685449,2.0,45.505366677505414,8.428178832494138,48.72919876208736,37.33045576968507,Full Stack Developer
51.14259106690611,54.783526602910406,40.44226566536021,2.0,92.33019232343985,5.750085410664019,48.37862037731549,48.00250390352724,AI/ML Engineer
22.6449921867035,30.888113201311633,69.0350514669884,5.0,5.290527261057341,7.6476280616911785,19.067172140479716,34.01218768791451,Full Stack Developer
66.40733688176968,69.3696406728784,10.952768292637142,6.0,67.8885653028581,7.319518813953952,64.1056407309852,56.92554228099167,AI/ML Engineer
56.81536380663762,36.30841941403971,37.24073529321157,4.0,44.695080951588,8.097927018822883,47.18161441027773,42.74795110230422,AI/ML Engineer
36.250916735720004,49.62589198636957,55.61115419393571,1.0,33.056572783485365,7.867063901182459,48.641549079870785,29.328842365484874,Full Stack Developer
62.43534208641704,71.2255606798158,23.71284126226557,3.0,24.172171418824938,5.9079372102939605,39.57653010332173,47.39127756180907,Full Stack Developer
44.864131116808956,51.251910925765266,26.986829002340784,4.0,52.10593891806201,7.576501783094756,38.35719650337852,48.46554989242417,AI/ML Engineer
56.72459349606863,54.92254198487504,17.920689125198145,6.0,74.58844160386529,3.652610134118529,49.800275841673624,52.015265900963136,AI/ML Engineer
18.489923832165196,4.88744828932767,94.54603530900017,3.0,39.48207079650247,5.5520441973946655,22.726466793630877,32.86329489905777,DevOps Engineer
91.5687367533151,19.98834952187581,17.142389567156897,4.0,55.61241905721674,6.118510256530008,56.34835964247401,48.063195843963065,AI/ML Engineer
20.29619901092647,48.61094369477994,10.015833552643304,10.0,1.1475393780802159,3.8919054894290355,55.41488397215548,29.365922330571305,Backend Developer
33.70863597729777,37.19865915554556,27.664908048237557,3.0,75.7870826468027,5.253910269820727,34.724439904861384,41.919317465676635,AI/ML Engineer
18.132254723016917,55.50272671627111,16.59599984013355,2.0,50.150767394594176,4.304871306701463,69.08823096059206,33.93766034007848,AI/ML Engineer
32.2573983944199,18.82267220055079,5.9548566001238985,10.0,31.140774052625215,8.147816623879619,68.8549010811431,22.36887931943819,Backend Developer
54.62150590707885,17.906624345936617,49.897728624096345,7.0,74.93789563805599,5.432918728505208,69.06995801255673,55.333699476679016,AI/ML Engineer
4.765852449986269,8.6863169826908,42.983463632324664,4.0,25.703453264205756,3.748715652869614,69.77042123914511,20.147310668333326,DevOps Engineer
75.00010096580083,76.02220909423262,15.954664004122158,4.0,57.543549935694685,4.539245672307082,32.78142932944535,47.03801843844072,AI/ML Engineer
59.93977839382828,69.36648767336774,43.37775196800466,5.0,54.547499693340626,9.560483157339185,48.92198865107565,56.090689938427026,Full Stack Developer
27.350187560440503,18.791642003632113,44.613986087369106,4.0,5.288569129094179,5.779559710219116,33.59376591304326,28.09893761995345,DevOps Engineer
20.586804759048956,41.559741527737856,57.91137852175756,1.0,51.45777054878267,7.998277655758833,9.143338632555603,35.77405781505159,Full Stack Developer
60.7663454980393,34.397237011436644,79.64662881247172,6.0,44.28395881503869,6.660280446497541,40.88871779301751,49.665143695124144,Full Stack Developer
63.42139486159907,24.17691172142615,81.68491024506491,4.0,77.90487519039067,8.34000238697118,81.01659772573403,57.396853758946705,AI/ML Engineer
34.11881102727144,18.884984585970557,26.48003709211838,4.0,41.05718196431224,3.605449640939073,33.045673727680274,31.50407520191309,AI/ML Engineer
36.259416505989975,22.3023728079875,79.73385557729738,2.0,71.6463067727868,6.188914116346563,40.161882097077935,41.434416952264094,DevOps Engineer
9.75590183481962,64.74672890142133,61.40074968084895,2.0,25.479286437065873,5.241204756571207,82.68728538650856,40.48310813662245,DevOps Engineer
83.77441750167685,70.70208717974383,37.48196323060121,2.0,54.39421480632692,5.924041299859159,89.11210706960134,53.34369937255627,AI/ML Engineer
48.12316102236257,60.338764685421744,64.51369025639093,6.0,19.212136407950734,9.586310109732398,59.27413751731542,62.23686143591899,Full Stack Developer
57.89577263717871,44.07145065304607,33.630576938707065,1.0,79.63765599730459,5.8542376596874215,83.52494659746657,56.17053311359571,AI/ML Engineer
12.35654423899488,18.22395581081247,73.84765176483218,7.0,51.70162810391925,3.137304325340164,80.52466922333328,34.856510020304924,DevOps Engineer
32.02806286637217,38.33024803998066,22.72314946828858,3.0,30.049765467722327,4.302619061633076,50.465321769651325,33.58863771848181,AI/ML Engineer
12.312193307329213,74.32738168992891,70.32294112153832,2.0,81.35886898669983,7.277789992663547,29.00525584165073,44.58300354665798,Frontend Developer
60.75060272267936,51.54423381062675,63.44006183278032,4.0,68.94819947618124,8.584061407896472,94.55108755700938,63.475460819243565,AI/ML Engineer
70.78729266918037,12.963803283717212,75.16092562302184,10.0,41.39914992110099,7.466274638413973,68.31702814069361,57.8827639907016,DevOps Engineer
48.685859542445925,39.31922872634799,17.535354468829567,3.0,20.212257688591475,7.253291266381292,15.312251928266225,36.547992834308985,Full Stack Developer
62.40784013168036,14.672962502543418,9.067036988203292,4.0,9.639541690249628,8.048834518123398,21.996447499393533,37.00261782577688,AI/ML Engineer
54.296594083694,55.2307381256669,11.924811686609207,6.0,29.59200460167978,6.052314996482958,61.71633372045044,42.95079197211932,AI/ML Engineer
69.31741186755232,21.80531416727929,23.907111839602095,5.0,41.846376374295005,5.875463417407514,31.97797050142665,41.02088312233329,AI/ML Engineer
70.52579956907675,24.39309932229839,1.0909461571230492,4.0,68.73736687421672,4.905163570679173,47.11156512470455,38.94571693355659,AI/ML Engineer
12.58368751422787,52.089146797740796,14.630095159408949,3.0,34.56320478178407,8.725186376948292,47.800692838808764,36.33748553158755,Frontend Developer
36.379041238060324,3.7561516190260873,38.52192682746261,4.0,70.92446335790784,2.2477937190936244,19.77837280755783,27.31686890896671,AI/ML Engineer
53.39483651732553,25.021102298487964,10.097411350099483,4.0,55.61083865666495,3.770029060430491,26.049438830420662,37.353462734204406,AI/ML Engineer
42.11133525304004,18.292651907391,75.62993846330184,5.0,21.238746878579846,6.2489860914999005,34.0818632942885,40.68585903742267,DevOps Engineer
29.44939091903011,27.248086105846603,80.76475880331834,3.0,11.305999945557623,7.600226855365424,58.54869419888457,45.370156882873765,DevOps Engineer
64.42162667284781,45.26431354112305,61.76229147196658,3.0,29.154420803696624,5.503296128330858,41.344448253291525,50.78380906573698,Full Stack Developer
30.316311396055312,58.79125081214016,47.055573623654986,5.0,24.751669931405864,5.705462405545915,63.611219783937564,32.71042554241743,DevOps Engineer
54.0683834844324,70.91019431753213,18.92601149210251,3.0,52.17736971083787,8.227371326908283,77.96555027542907,48.67269625685756,AI/ML Engineer
40.91392885571965,44.71684196517933,90.08538591644628,5.0,28.587409510597467,5.7664545624870165,23.50293103884784,42.96693993545558,Full Stack Developer
25.09290157434129,56.480842876574975,14.377997493796716,4.0,54.64021010602372,3.157510721209638,25.586130068906606,30.699522240059274,Frontend Developer
41.94730694820048,26.286685085638428,30.2258184013319,1.0,50.45845287478215,5.026475198784719,77.0046230179095,42.056516702757435,AI/ML Engineer
67.20667685730007,3.420188197293883,18.48055467733436,4.0,16.366792018914346,2.444762982013102,26.53164819655838,17.467358928524682,AI/ML Engineer
32.13158788364257,39.189969915371854,68.99246400092282,7.0,59.34845108440609,4.669839064507869,51.47449693526137,52.98785875855384,DevOps Engineer
60.15229309838035,43.21902468412443,33.50622979306838,4.0,16.856294796582095,5.450170543547316,35.1968773167116,45.438945670363495,Full Stack Developer
51.40761284616594,30.280598573926458,17.73215950904569,3.0,38.23082995427845,6.157145549518637,66.32672912825872,39.20472604144543,AI/ML Engineer
12.855902709138995,39.262006476000586,86.58021633650282,8.0,73.2819244023282,5.932500171457051,24.028357936798713,47.92561145496291,Frontend Developer
12.18189531210745,35.54976720333956,47.76914113058691,4.0,46.73680186344795,4.639185337700492,47.16663885332477,33.703888919661274,DevOps Engineer
29.250047143493635,28.975618484826356,10.815165233022485,8.0,56.65283049922536,3.7216065599299757,34.66297884990269,33.475503611337075,AI/ML Engineer
18.09640137902153,49.79217881729159,51.30218985004949,2.0,73.11389495178788,6.395517591081518,21.21240985023508,47.23280411288379,Full Stack Developer
96.79897872342906,57.611368251870445,22.375053056068207,9.0,91.98908832882873,5.062620346524201,35.433158395380545,63.092398594740274,AI/ML Engineer
73.40976626501956,53.32873954962765,81.33920753456806,1.0,13.170055794368812,3.395846400640944,28.089460367243195,51.49659478088366,Full Stack Developer
41.298584653670495,42.24331765418299,56.757681531403705,3.0,40.42967213633915,1.9946221841722744,57.25969771540714,35.35276015342164,DevOps Engineer
41.779061173855524,29.6764379774908,54.359302657132325,1.0,40.9957262507109,6.742142317185823,65.41776409355722,43.85902504797005,DevOps Engineer
39.80338130820625,13.604440892171288,53.3806470869169,4.0,16.692473433911324,2.848182519458252,34.685320640940006,28.40146246937481,DevOps Engineer
70.17435557191344,44.63578066825663,15.931440058974603,6.0,55.571571519549245,6.607924699833743,76.16969617549331,52.752533157836375,AI/ML Engineer
44.95907288813118,56.24119240705304,27.20823264244362,4.0,66.60037354433913,8.456821572975082,14.551454973704814,43.42083837527777,Full Stack Developer
47.39820225683227,21.985220074601674,22.406628851673396,6.0,32.11477495317192,4.865416368211851,58.92397756369186,37.482650252541745,AI/ML Engineer
70.74561696139925,51.69791441722818,27.20326848667081,5.0,33.74219701213897,8.040467471588952,60.22306780966419,50.485574426043954,AI/ML Engineer
